"","Intercept::Est","Intercept::SE","Intercept::t.val","Intercept::pval","TreatmentTreatment :Est","TreatmentTreatment :SE","TreatmentTreatment :t.val","TreatmentTreatment :pval","Time_PointSummer:Est","Time_PointSummer:SE","Time_PointSummer:t.val","Time_PointSummer:pval","TreatmentTreatment :Time_PointSummer:Est","TreatmentTreatment :Time_PointSummer:SE","TreatmentTreatment :Time_PointSummer:t.val","TreatmentTreatment :Time_PointSummer:pval","Intercept::pval.holm","TreatmentTreatment :pval.holm","Time_PointSummer:pval.holm","TreatmentTreatment :Time_PointSummer:pval.holm"
" g__Purpureocillium",2.51219943352813,1.76990650138046,1.4407479006311,0.201867737850924,-0.243837613100782,2.50302577838456,-0.0974126823874728,0.741920003069324,-3.34807345560029,2.31735157587726,-1.45476522949099,0.192855804267354,-0.692822695564974,3.27723002739228,-0.213863832268513,0.702650217268663,1,1,1,1
" g__Piloderma",9.32630845095406,1.68937738651223,5.56482642545092,9.03196682482128e-05,-0.095133895736165,2.389140411972,-0.0478717842172093,0.839840515206653,2.90155936333927,2.21191421458255,1.3057154359946,0.205787636277718,-2.60456225097235,3.12811908106848,-0.828966916744804,0.419576306209704,0.00993795336646357,1,1,1
" g__Amanita",7.41087669853242,1.7079165102967,4.36824972752118,0.000282831680061635,-1.44334646260172,2.41535869226253,-0.601519375664099,0.562103561269832,1.1909458203701,2.23618762545699,0.531730178065043,0.605837722283249,-1.50327536088035,3.16244686793216,-0.472799166347687,0.637681280600556,0.052624514778366,1,1,1
" g__Cortinarius",11.3701833201669,1.13767439873198,10.0583630754553,7.09586857330305e-11,-0.0902016715924037,1.60891456425142,-0.0402933521331281,0.876592574937055,1.26551230741273,1.48956544240076,0.854977748176212,0.398862957002743,-1.81270440097389,2.10656365068544,-0.878175912270576,0.395562434499662,1.57539017537093e-08,1,1,1
" c__Agaricomycetes",7.6235465007771,0.861691282535135,8.96372800123423,1.64660013779288e-09,-2.88551700488798,1.21861549833985,-2.38116167305773,0.0258865626319654,-2.12326662215332,1.12821872225738,-1.88956259611485,0.0711625507121282,2.87703655156383,1.59554221833963,1.80064191415919,0.0852293719578332,3.64205445608132e-07,0.999010620099627,1,1
" f__Hydnaceae",-0.0192348865092432,1.60696792655033,-0.00178671494603291,0.702695641273755,-1.46498514566499,2.27259583602605,-0.649654342892418,0.5330657499844,3.32578727984799,2.10401490365233,1.60167717049084,0.161760510872713,-2.9810760560881,2.97552641218024,-1.01116593738148,0.352038248024658,1,1,1,1
" g__Lactifluus",1.57428315176391,2.01183184048943,0.804252740835033,0.437018043134728,1.07525193034541,2.84515987403417,0.37187055616296,0.670760499853577,-1.32825592539259,2.63410619844718,-0.511948681669959,0.578555003243075,1.66190965394823,3.72518871057503,0.453222380784742,0.630385587117172,1,1,1,1
" g__Sistotrema",4.3211210985919,2.0010267792032,2.17975361898643,0.0538846107307728,3.70107676557708,2.82987920982092,1.30850548635828,0.211514660902551,0.291666791606083,2.61995905238067,0.108744376319202,0.781606681062379,-5.40316541419245,3.7051816247389,-1.45896875906096,0.168714711609047,0.998502797919934,1,1,1
" g__Russula",8.72913432113579,1.62694753844907,5.40233124899739,1.02998061994243e-05,0.145127807643875,2.3008512741442,0.0650343514076684,0.869977697132971,-1.09653965715751,2.13017435618998,-0.515713081619611,0.616714799337847,1.14242821296859,3.01252146474325,0.378507634892376,0.709115537895734,0.00217426372994846,1,1,1
" f__Hyaloscyphaceae",5.63929250706929,1.29267574049624,4.42708002291228,0.000434132915363712,0.431959163155405,1.82811956396047,0.237944932959055,0.754667341013496,0.602253735091407,1.69250983710203,0.358062946947394,0.702046585801923,-1.80470931355167,2.39357036607957,-0.763517508556946,0.473546547014695,0.0813071728222791,1,1,1
" g__Sebacina",-1.14264070628076,1.59713910902408,-0.70187951022984,0.497689305079068,-0.0522679765626799,2.25869578897834,-0.0245444707434867,0.67817485392257,1.98070840324108,2.09114596070777,0.953951965268558,0.396858868189127,0.0529095826815304,2.95732697853464,0.0142441789720923,0.69037990977973,1,1,1,1
" o__Helotiales",7.82938157017142,0.872904875529548,8.97443411010589,2.43029239459876e-11,0.0968576970534729,1.23447391363548,0.0785034303086161,0.905979357808308,2.07613294331218,1.14290076188862,1.81706428089406,0.0778900172913372,-1.93010371181164,1.61630575790942,-1.19469607519765,0.242019925436027,5.40625066568159e-09,1,1,1
" g__Lactarius",3.30804518056516,1.84881540987161,1.80643933232548,0.102183124618641,1.44527064628891,2.6146198269648,0.554925773837685,0.581153218291745,3.12952380152237,2.42066758906784,1.2963450354876,0.222123871986531,-4.07556082816189,3.42334093445672,-1.19416255289143,0.263110826708879,1,1,1,1
" g__Cenococcum",5.7091244790694,1.20971321099872,4.78562751455612,0.000415116528837122,1.25758117422729,1.7107928295763,0.719801428217305,0.491667716191611,0.816535006457705,1.58388638816849,0.501671717855365,0.6243016448329,-1.26911622000197,2.23995361140602,-0.555412234360767,0.59243073702569,0.0592139227948829,1,1,1
" g__Tricholoma",3.25163414580583,1.44710274819706,2.2887797214001,0.0513799126608223,-4.89950337203752,2.04651233264765,-2.42050794598426,0.0450753615446621,-1.41790391130624,1.89470225199761,-0.751559192931458,0.478325422302113,2.74503097802987,2.67951362143386,1.03885911868752,0.366674245940626,0.950331850559197,0.89985463571836,1,1
" g__Clavulina",-0.910252401311157,1.7308249281429,-0.523333833421843,0.589718515235838,3.96141296402229,2.44775608747313,1.63056752416999,0.150770351334825,0.219504886650279,2.26618178512324,0.100755379698255,0.6895668498787,-1.23428140993214,3.20486501532416,-0.388637225087172,0.636634981747455,1,0.984475034207818,1,1
" g__Tylospora",-1.5330642250021,1.4873619498787,-1.02724073981788,0.390772013446876,3.06652251438114,2.10344744167615,1.4788941083729,0.23407513561708,0.0175997487851132,1.94741392031893,0.00923966912627676,0.607490842137141,-1.31374315875501,2.75405917766919,-0.484301091734145,0.5675771987846,0.989666119168737,0.983867917740538,1,1
" f__Clavulinaceae",4.74382361356541,1.99862961713897,2.39624794898042,0.0335358436324128,-3.52129082941772,2.82648911071848,-1.25100873835639,0.24849509812804,-0.661742243015617,2.61682043049142,-0.253976571672411,0.730148870603123,1.61640491174565,3.70074294309596,0.437966928449934,0.655869036691071,0.972163436466772,1,1,1
" f__Tricholomataceae",-0.258922987295401,1.57364280252098,-0.1518094370902,0.676935890362005,5.023611385786,2.22546699365597,2.28555052237801,0.0540942632631511,0.0749180109555916,2.06038207410709,0.0378372681658314,0.696845777150497,-6.41975245557881,2.91382027287266,-2.22713543150162,0.0600133936945845,1,0.954384076667818,1,0.975636791352136
" g__Byssocorticium",-0.054376589537538,1.52522111850109,-0.0124599496928983,0.675438930152982,1.34009967055086,2.1569883914021,0.626657733286955,0.533821007537641,0.155975380895723,1.99698320773613,0.0733735783315768,0.645979607377662,-1.35633174098715,2.82416073621176,-0.487169154782616,0.540125549014091,1,1,1,1
" g__Imleria",1.56783201783806,1.60408029872725,0.999601002355177,0.368036776659652,0.701657979137121,2.26851211359557,0.314362644004802,0.665080161340918,0.798186371507978,2.10023411134429,0.386459350892699,0.635266966817638,-3.17428147168072,2.9701795644217,-1.08080518887531,0.337577808625893,1,1,1,1
" p__Ascomycota",4.4547582983684,1.10674052449232,4.10216137546718,0.00147038769918284,-0.0569646976662804,1.56516745976495,-0.0458342739543535,0.786625193677476,1.22249012602628,1.44906349376034,0.845614993965121,0.42558303182418,-1.26468579527407,2.04928524561561,-0.610878326736671,0.560166774107347,0.164387486308891,1,1,1
" g__Amphinema",-1.37237281642441,1.23548028326593,-1.11011301746662,0.353053368235154,0.0158186462805698,1.74723297263923,0.010290582067945,0.565596937453799,-0.101926322991635,1.61762340505474,-0.034441234201764,0.562118720644803,0.836552369977015,2.28766495824057,0.360354489704312,0.530074895924748,0.995249960689076,1,1,1
" g__Laccaria",-1.69977375306155,1.2540057524572,-1.33672578641633,0.278609664892805,1.83683576331332,1.77343194241885,1.04742609682592,0.368617856201798,1.15768426570162,1.64187893787005,0.703725549833596,0.49820931276277,-1.92385835107455,2.32196746171056,-0.818401468103566,0.442024219525841,0.994833609468368,1,1,1
" g__Hodophilus",-1.39153820438013,1.05438217538927,-1.34856617088953,0.292136010639383,-0.194742981629776,1.49112157235995,-0.103897568314822,0.522968188397742,-0.367164834433414,1.38051032289529,-0.217767054284868,0.523590290334444,1.52664567251767,1.95233642163458,0.763368801247156,0.453223257002077,0.95998170705397,1,1,0.987448027259327
" g__Leotia",-0.303811718787246,1.54647347033995,-0.186200762160806,0.679798196923888,-0.0593521599964148,2.18704375560494,-0.0267062822892076,0.694900834621144,1.22796486597816,2.0248090680211,0.621035718919811,0.510472701599066,-2.08147352974923,2.86351244521146,-0.737207485426872,0.48685901262155,1,1,1,1
" g__Mortierella",9.07214610038173,0.387430888068305,23.437016370439,3.52918703269295e-26,-0.88556722586127,0.547910016388449,-1.61857618378221,0.12014455681274,0.340072837386383,0.507266106039134,0.670076388025827,0.513066014128261,-0.0624164385609188,0.717382606892732,-0.0861408892725123,0.867104432438422,7.94067082355913e-24,1,1,1
" g__Hebeloma",0.0847361123749567,1.37955299996071,0.0815279986091595,0.663967202040292,5.50398403061259,1.95098256255692,2.85375587229002,0.0176743295450841,0.698836238834956,1.80625887072096,0.395221857825259,0.603943837869813,0.0462467270274749,2.55443579213029,0.00968274100391178,0.689909940739389,1,0.765145068010136,1,1
" g__Galerina",7.59176381521317,1.41581837859244,5.43562290292269,8.19318821740347e-05,-4.88293520481576,2.00226955286251,-2.45916917480851,0.0265090309545687,-1.26304565769484,1.85374139720272,-0.693858416512116,0.50227163862645,-1.40504775049333,2.62158622505653,-0.533581081254893,0.592225969104421,0.012756728134067,0.98280476541474,1,1
" g__Gliophorus",-1.64057728167169,1.1339258373451,-1.43827442033413,0.261365413029824,1.40862276341245,1.60361329789871,0.896578666001892,0.417104280816195,-0.0645375505814295,1.48465742345718,-0.0422256428176008,0.528160791389886,-1.461295104866,2.09962266373104,-0.718397017638934,0.449444873564745,0.97991359862962,1,1,0.999397716378889
" g__Tylopilus",0.747937168938121,1.46595657722576,0.539644382112232,0.559860166398819,-0.335014071704412,2.0731756733627,-0.163282924557331,0.685003394810442,0.621167792889847,1.91938770875868,0.328310039779747,0.631124056917138,-1.85285420626903,2.71442412917875,-0.690312536815867,0.493460143732579,1,1,1,1
" g__Umbelopsis",-0.0782650233521316,1.21427366112991,-0.0370058242799973,0.630915190624861,1.14621589115055,1.71724228000235,0.675039317612005,0.508698924205556,-0.746190067538881,1.58985741900542,-0.467603746260656,0.529449533328548,1.925276150796,2.24839792419695,0.865824791183237,0.426680824778837,0.995601180669751,0.99403104164467,1,1
" g__Wilcoxina",-1.60519246204875,1.12372262141452,-1.41562433816734,0.271396043215715,1.08311052791315,1.58918377154986,0.704858733646188,0.472920352898251,-0.166444658372873,1.47129827793321,-0.121261700877161,0.579114197454948,-1.10558582874097,2.08072997894932,-0.554694187292422,0.535785508347159,0.967299592680773,0.992513209134624,0.996064703651374,0.99259366691787
" g__Trechispora",5.09342424639398,1.43358804935822,3.59591732034551,0.00199663989673861,-4.08342929801128,2.02739966225838,-2.02311891908454,0.0694942186010173,-1.83751146139189,1.87700735759089,-0.979608339427697,0.353837012401397,3.31441564196093,2.65448926177912,1.25659033963488,0.255070165096502,0.298063673107675,0.998183938527232,1,1
" o__GS25",-1.66025347100496,1.03536573091622,-1.60586610279,0.212544757135372,0.187068860392749,1.46422825867805,0.13883319333233,0.502665471070297,0.606427752918562,1.3556119525391,0.475988007813336,0.49477299146614,-0.4687811269295,1.91712480859586,-0.257522613602416,0.487935916549678,0.945013675574373,1,0.996438277626347,1
" g__Lecanicillium",3.70456361493215,0.940049298531257,4.07599841336496,0.00314087183219982,1.77928057210765,1.32943046728222,1.36383988527108,0.215526707263205,1.47869524473371,1.23081344785989,1.21588690983011,0.258520658149924,-1.76584242336935,1.74063307071465,-1.03396743688232,0.336344382732577,0.236868971251655,1,1,1
" o__Agaricales",1.73406508221104,1.45014720886618,1.21852855344567,0.280977978131335,1.61661491993769,2.05081785021604,0.794444106000341,0.454480634552486,0.376354726111523,1.89868838670234,0.201257659137426,0.689412191630021,-1.90068868479416,2.68515086719474,-0.710578401903738,0.501418859934064,1,1,1,1
" g__Mycena",5.47670363662178,1.02108807015223,5.41947874942205,1.29862361389675e-05,2.38776950283265,1.44403659718665,1.6715083007245,0.109171504121846,1.02209900324559,1.33691810648256,0.782179460381786,0.450177344612183,-3.16442732225298,1.8906877179698,-1.68564589698042,0.108374730412743,0.00273605712241145,1,1,1
" f__Boletaceae",-1.51076768603641,1.33170293837489,-1.12316989550041,0.344808953335321,0.979184403921387,1.88331235650187,0.527638937785214,0.516881582643231,-0.26451713063315,1.74360843379944,-0.16041190702343,0.626071882261287,0.757376485247935,2.46583469454728,0.318692787303984,0.587383965348746,0.997556224442035,1,1,1
" g__Thelephora",-1.47185946166932,1.17433729441019,-1.25836160125309,0.322388427205734,0.988241589017676,1.66076372855542,0.62011564707837,0.485984819052253,0.100495724742672,1.53756844086981,0.0822395808285307,0.548021148226577,-0.322764421165624,2.17445014215494,-0.16674709616004,0.55075993059819,0.98528938668331,0.990096536803834,1,1
" g__Trichoderma",3.47643706570765,1.07441585264401,3.33981568757172,0.0112372990205423,-0.537816228118443,1.51945347043781,-0.360273990040855,0.646200217988588,-0.587859114139335,1.40674056360048,-0.431757682402385,0.622183089531372,4.5472069675658,1.98943158378417,2.31251362832639,0.040414359946318,0.48190661298795,1,1,0.992082547282979
" o__Leucosporidiales",5.7421158485383,1.12081438345353,5.24261300852342,0.000838530155762479,-1.99457148280589,1.58507090198282,-1.27778992177369,0.231063339486096,-0.776891354595686,1.4674905006203,-0.549562500389242,0.587728045731958,1.3607013677376,2.07534496863091,0.677013249089741,0.518516966848822,0.025539181508764,1,1,1
" g__Xenasmatella",-1.62524295360031,1.33881315476939,-1.20362764151723,0.325672208085543,2.07073663936332,1.89336772095839,1.10781317426751,0.327638271618,0.542059763046656,1.75291789232382,0.310764975294738,0.542418206434912,-1.7388330844536,2.47900025705081,-0.71432630977869,0.458199166126869,0.989770049428963,0.996028185722074,1,1
" g__Apodus",-1.58164185415665,0.791333842962748,-1.94391781498929,0.200675586908371,6.5981857225826,1.11911505308274,5.95708777799593,9.81169018097549e-06,-0.0928348062910807,1.03609921010203,-0.132491649309798,0.417002751284318,2.01296778703165,1.46526555489033,1.43321651412451,0.270092940360125,0.846960671696824,0.00220648101718516,0.981229312970524,0.95901119578703
" g__Suillus",-1.57602812492117,1.12605603861655,-1.39017598114656,0.296421716279287,0.039134946923987,1.59248372180365,0.0170938926444461,0.520072741150004,0.521978590591865,1.47435343820642,0.366580379351465,0.520325190401532,-0.816786775498585,2.08505062804292,-0.395610302676979,0.52588903777558,0.959697346679313,1,1,0.998094257630681
" g__Tomentellopsis",1.68344483557745,1.49189100210818,1.16245712092289,0.315437624868307,-0.116669991667228,2.10985248876378,-0.0493473381268923,0.673301707897871,-0.454087052633837,1.95334384165264,-0.234249889286224,0.650041999346947,0.981051894389851,2.76244535284313,0.352404550552713,0.62196535514095,1,1,1,1
" g__Apiotrichum",-1.54547461985812,1.18388407806019,-1.27370772296632,0.296111866694547,3.12863669967527,1.67426491947029,1.88420612026852,0.132295545618803,-0.268843159221415,1.55006811478967,-0.19942112966121,0.534305597365262,1.26866395897982,2.19212735053764,0.599603669845734,0.509582340824309,0.98768949818023,0.962064007111129,1,1
" p__Basidiomycota",4.40639510378486,1.24671118588821,3.59867746762243,0.00436877470275189,-1.63190182898396,1.76311586744535,-0.931831648730601,0.39255891032536,1.26706918466149,1.63232810830883,0.781493307056715,0.463962422235981,-0.145525676751739,2.30846054901316,-0.0622975665217894,0.748266841734334,0.319497100899296,1,1,1
" f__Orbiliaceae",-1.5639523922521,1.15995561842743,-1.33716056919187,0.295243537899313,-0.0261141875883779,1.64042496733095,-0.0091288376366685,0.552072205754,-0.0461896426505363,1.51873840692372,-0.0416732839462127,0.542451880712223,0.809184344001318,2.14782045276844,0.398156076351922,0.484181385730019,0.971821868261911,0.993919806425549,0.997746611173132,1
" o__Hypocreales",1.58448119682896,1.17078782849779,1.43108043366691,0.249208627339824,-1.1942550086787,1.65574402572292,-0.751090366169804,0.47120598934006,-0.773390095328054,1.5329210990926,-0.529572823218759,0.553615757418285,0.585796949484525,2.16787780838463,0.297048547214842,0.599008506174281,0.997199976519238,1,1,1
" g__Metapochonia",4.9930604553269,0.861678465994835,5.96142468210546,0.000204600252773736,-1.73412076813953,1.21859737301474,-1.44886573605025,0.19320820773935,-0.282240617095788,1.12820194146707,-0.266307641525927,0.730245014503077,1.16384871686075,1.59551848671839,0.747508686387787,0.480991407784192,0.0128648239816211,1,1,1
" p__Chytridiomycota",4.45865357039037,1.03057423954156,4.47651207474293,0.003461515610028,0.213294175135652,1.45745206659202,0.124288807131709,0.770593396370097,-0.928008249586463,1.34933841770593,-0.70789872452717,0.485825501163814,-1.86938008025395,1.90825269055078,-0.980784106698927,0.365964990063948,0.122837139883121,1,1,1
" g__Pseudotomentella",-0.898411938096043,1.30119374469062,-0.668186456434071,0.49186581924303,1.72028379428173,1.84016584101651,0.947034197656008,0.400316304919825,0.22957807926424,1.70366252252795,0.133209803879386,0.606548891514766,-2.82625392403774,2.40934264506578,-1.19507515844552,0.316864121366736,0.995895993498416,0.992508838988767,1,0.994427854867718
" g__Penicillium",3.42309009976474,0.746097959105166,4.83304667680766,0.00571641465810462,1.0974905649816,1.05514185262541,1.02686716601557,0.353033124947845,0.638929984619796,0.976871535271854,0.634462994861371,0.529916949291543,-0.359539201246432,1.38150497387768,-0.21966611960332,0.67755724818367,0.138022086018424,1,1,1
" g__Hydnotrya",-1.04404316606681,1.1851375367794,-0.864484438080184,0.405796240594111,1.0997980261677,1.67603757779087,0.676178107487925,0.48477206597068,-0.801645795850563,1.55170927749289,-0.52004140633258,0.504525860078082,0.383473311369674,2.1944483050906,0.168507134445829,0.575278467719311,1,1,1,1
" f__Albatrellaceae",-1.5927168960704,1.12949323401773,-1.39864328712277,0.271899782416923,-0.106831179386987,1.59734465015652,-0.0609789257942743,0.595143608249187,-0.0195683874785933,1.47885378337906,-0.0130984217005275,0.558856196092796,0.859587396489051,2.09141507722143,0.409470884779001,0.56393698162031,0.983233144068097,1,1,1
" f__Clavariaceae",-0.236919940886962,1.26783204709957,-0.148070934873297,0.608260705028743,-1.34676290456645,1.79298527581946,-0.770848944523289,0.457267097390742,-0.595712103069615,1.65998180694988,-0.374858320305644,0.550876106528072,1.29086398326304,2.34756878468112,0.565820624429672,0.528793010264285,1,1,1,1
" g__Elaphomyces",-1.61109105948904,1.19634880184773,-1.3433834793597,0.277896422827925,1.54299402035408,1.69189270090186,0.932125231670179,0.407367383239355,-0.115493559987796,1.56638826915342,-0.0614058605953584,0.562601660176965,-0.0488495546326676,2.21520753417888,-0.0259062347849687,0.582288933181963,0.98497764616595,0.994622564971859,0.999958732284081,1
" g__Leptobacillium",4.2194282998188,1.23311925904673,3.49918684109126,0.00613007445547926,-2.61841156359129,1.74389398016735,-1.52429636806024,0.177287472763471,-0.97555819461257,1.61453209871129,-0.611391902027541,0.553296678158024,0.346325654750558,2.2832931908842,0.155355607529319,0.700245094911545,0.375290181059188,1,1,1
" g__Hygrophorus",1.72241979724992,1.42188657586721,1.24537738735601,0.271686280977935,-1.80634226345187,2.01085127974765,-0.907458459856857,0.41533139378268,-0.309852573888517,1.86168653244373,-0.166169737281126,0.66811381966767,3.45789472264134,2.63282234306927,1.33225456704004,0.254976881588833,1,1,1,1
" g__Suillellus",-1.58928023929964,1.03458739870514,-1.50814377781582,0.26190634543644,-0.0432174706088539,1.46312753070911,-0.0579154391183598,0.511249721318775,-0.0772120790167588,1.35459287646108,-0.0785743197500472,0.475526759844953,1.17496921458306,1.91568361738524,0.651356065615098,0.440962308876031,0.943413077224909,1,0.998157958410207,1
" g__Tomentella",1.05725470070089,1.45833797000963,0.752708268417646,0.463962063776162,-1.88699134560598,2.06240133571127,-0.925935301888244,0.410600065400895,-1.43976550782336,1.90941261039925,-0.76725931262348,0.4584495089693,3.03061787300568,2.70031720979283,1.13796283025406,0.334712088945713,1,1,1,1
" o__Sebacinales",-1.12866945914463,1.3742396205909,-0.795119619069908,0.449791662716302,5.76348610138394,1.9434683093901,2.99261558044076,0.0101649157355891,0.154216433268408,1.79930202410434,0.0869598379518059,0.642938821174165,-0.0150815741990768,2.54459732529372,0.000370479031702317,0.702281860567838,1,0.716822109961617,1,1
" g__Spencermartinsiella",0.973018746439547,1.26754110576582,0.80949082323609,0.422900692884519,-0.154342887021363,1.79257382263941,-0.0944222508578944,0.63917527471498,0.990612994210845,1.65960087532568,0.603814319222958,0.555448340653029,1.20530985111142,2.34703006601184,0.523966329663746,0.575269233887332,1,1,1,1
" g__Cladophialophora",4.76766301005185,0.984318292325089,5.01308036371755,0.000763184155571189,0.293580148925805,1.39203627869806,0.202900156475471,0.743977465989257,-1.35072260722481,1.28877516643125,-1.06770990083592,0.332782909947992,1.52111306951635,1.82260331921672,0.838699788244757,0.428038797569711,0.0723144471275197,1,1,1
" o__Tremellales",1.07239304177581,0.962819798505152,1.20928133498198,0.306416690454707,0.784699093544197,1.36163281716732,0.580299220567791,0.53303684618246,3.75653635482371,1.26062703064342,3.0230655672012,0.0137803463529468,-0.892014091432835,1.78279584383005,-0.505522494142031,0.587486828656627,0.991382649653169,1,0.67375660512762,1
" g__Entoloma",1.69264629323804,1.1906693980188,1.47404034744238,0.220256121108162,-0.921711869508488,1.6838608109808,-0.556880306844492,0.550262864245723,0.732203759806835,1.55895218402533,0.475172973106872,0.607220710245311,1.21007241311853,2.20469132173978,0.548643774991152,0.55268464896185,0.992497229385942,1,1,1
" g__Xanthoconium",-1.64909915886937,1.16061020378068,-1.42810943082939,0.247194066540213,0.127742784327307,1.64135069081524,0.0838191304556474,0.592549858647795,-0.256483671172872,1.51959546033231,-0.169733958241331,0.578721322856015,1.20307522813616,2.14903250932253,0.586416751746154,0.505785479118286,0.979317709329429,1,1,1
" g__Peniophorella",2.0344203638684,1.40253299393943,1.49301758638767,0.212398131529766,-2.08286314363702,1.98348118170489,-1.06945666195302,0.360555167005385,-1.22414424681452,1.836346745543,-0.680382728032395,0.498233390834085,1.99497114413548,2.5969864727666,0.785293584277852,0.468847113337659,1,1,1,1
" g__Xerocomus",-1.50057918630374,1.00323463070965,-1.49671404692718,0.240975608587854,0.424602997298241,1.41878802099196,0.3050491813699,0.495224808863328,-0.162327315908362,1.31354246715087,-0.119806639040275,0.503656407071821,-0.594344569721265,1.85762957179778,-0.326618811575858,0.447670899499137,0.948890680723804,1,1,1
" f__Herpotrichiellaceae",-1.5645959596843,1.43866424969526,-1.07412384375378,0.357982850894223,3.25714156500267,2.03457849362035,1.62335544077732,0.177370031826994,-0.191002117839906,1.88365366395868,-0.115857375713904,0.580233437602142,-0.203068073387004,2.66388855838413,-0.0681665085928944,0.628825026566444,0.997935801174553,0.984146171593149,1,1
" g__Solicoccozyma",-1.04423631322357,1.17676904664892,-0.854589908206507,0.434329912635031,0.187963006120893,1.66420274555176,0.101170094396028,0.5661317473678,0.551376371714124,1.54075235192849,0.355154838074511,0.528628562640752,0.94636356601652,2.17895287235551,0.448508617114427,0.541849720027661,0.990387934263665,1,0.994666696649896,1
" p__Mucoromycota",-0.469656718790435,1.2602034871799,-0.350675526684409,0.578921619417075,-0.603337530615344,1.78219686291969,-0.337603510171582,0.523309638709701,-0.194120370856747,1.64999367744263,-0.119916114338243,0.576696648595765,1.9501846560806,2.33344343646923,0.847784117505481,0.421699676497718,0.999454554540363,1,1,1
" o__Auriculariales",-0.603122193353703,1.20396172088267,-0.488979383593799,0.570681393727763,-1.12672259235439,1.70265899425032,-0.660040320879496,0.50569154374006,0.0992260620116541,1.57635591993546,0.0814780564263079,0.568939767378989,-0.250454481611252,2.22930392109985,-0.125916351374729,0.574791436575766,0.999614788383413,0.997812852465264,1,1
" g__Saitozyma",-1.10941383261013,1.21637297354046,-0.892771454270243,0.423477220119092,0.869672651214158,1.720211156085,0.502998334574303,0.533970555020563,0.788497225016702,1.59260606415647,0.506148537043872,0.544381506449336,0.0260392321593989,2.25228509544772,0.0166602915825546,0.653453931494799,1,1,1,1
" g__Meliniomyces",1.93271611620261,1.22284055641946,1.6393314658328,0.180594552829677,-2.51957251768622,1.72935769950826,-1.47797120230522,0.23150251127609,0.574928556823485,1.60107411790116,0.365174771229913,0.633086307255358,0.846530959828059,2.26426073190037,0.377809141507279,0.580292902535253,0.992906367410748,0.991186922108981,1,1
" o__GS20",1.5093997307399,1.15316912048688,1.3700809865932,0.258241226655474,-3.15341089121029,1.6308274099024,-1.96563345645259,0.125525155939711,-2.42104646258556,1.50985279534765,-1.63631110755274,0.186671949995563,2.33588854463302,2.13525430036758,1.11104037696095,0.344551624343521,1,0.960859135659751,0.99330164992771,0.999100888857156
" g__Mucronella",-0.712423331808955,1.25579712225711,-0.545782339920769,0.518426101318567,0.483728335877958,1.7759653218851,0.278549360038959,0.580996148055317,0.0783189921466681,1.64422439150026,0.0500198504301555,0.571871754835755,-1.16179245421958,2.32528443404431,-0.502905086525967,0.530833375053901,1,1,1,1
" o__Saccharomycetales",-1.48654217145923,1.1226499796464,-1.32189687959197,0.286187304659989,0.723002465201242,1.58766682701381,0.471547499609186,0.512027568188281,0.311391008104079,1.4698938601915,0.213386910363111,0.583156868491042,-0.720399619730902,2.07874383233176,-0.350490768601357,0.551583195798612,0.994965858541603,1,1,1
" o__Tremellodendropsidales",-1.46042482374786,1.19317596620966,-1.22440786589263,0.317221232743154,2.50749168986987,1.68740563371132,1.52015299380445,0.219447704600627,-0.311624521843698,1.56223405215938,-0.189289193659507,0.573026923362954,2.35510013646807,2.20933258416487,1.07788937138133,0.354260891336459,0.985568050620186,0.993365612688213,1,0.996158312275202
" o__Chaetothyriales",5.25078455269691,1.04898791081007,5.13026509358591,0.000367021851233002,-1.73998798638012,1.48349293023301,-1.18798126307019,0.272998718449542,-2.15785861838364,1.3734475726802,-1.60314968919618,0.145983013289106,0.299028041430888,1.94234818449275,0.163561164829239,0.711429735750264,0.0275095603428719,1,1,1
" g__Clitocybe",-0.495397068861843,1.23205003749407,-0.38550587091994,0.566691852914509,-1.02868236479307,1.74238187254639,-0.606460920582995,0.491593472390889,0.242973451801781,1.61313215908279,0.162135629682218,0.56227927512457,-0.58745266506308,2.28131337727507,-0.263427048057666,0.572405592620367,1,1,1,1
" f__Mortierellaceae",0.0975370834578265,1.30816744138991,0.0934930330989106,0.635753511085487,-1.41818092011074,1.85002813746852,-0.765802297200004,0.458561199009224,0.417743937748049,1.71279323481313,0.257656246002553,0.596783551600164,0.88993349617563,2.42225542221361,0.363003324626736,0.587737975986748,1,0.996925559590891,1,1
" g__Porosphaerella",-0.378644372610727,1.27353335941918,-0.266537183881366,0.572311288780363,-1.23507325375742,1.80104814902518,-0.705480063119272,0.487921259297842,0.145443463494614,1.66744657702566,0.0872907530301299,0.566997902068332,1.13481745738964,2.35812556376228,0.498940268596081,0.536014936486319,1,1,1,1
" c__Leotiomycetes",-1.63900582740659,1.08773416628188,-1.50996560214058,0.25851650144519,1.15209259487499,1.53828841021243,0.782870163936872,0.40927756956499,-0.140460761552163,1.42417832942183,-0.0946539888881692,0.539156720545198,-0.921306706662387,2.01409230870621,-0.475171978753407,0.446672339810415,0.949386182395568,1,1,1
" f__Clavicipitaceae",0.776782564362956,1.10095979409076,0.767437428172746,0.422466971821837,-1.94520443842,1.55699227243064,-1.29873545888847,0.299143212322522,2.82727393124232,1.44149474100683,1.98276620178103,0.0953751694189534,-1.66926456935995,2.03858141282135,-0.801649142329228,0.416551729718109,0.999770816605242,0.97955263206595,0.971967243010414,1
" g__Lachnellula",-1.64089072256473,1.19902720601556,-1.36481797379658,0.266217835291578,1.67164589246075,1.69568053640152,0.997640151222478,0.385873197639303,0.783967488207319,1.56989512339363,0.51096588624382,0.528142272449931,1.53574263448329,2.22016697500666,0.720262800880716,0.50931394604794,0.988839438654288,1,0.995773867558051,1
" c__Cystobasidiomycetes",1.46208072482047,1.24912285551624,1.21260792458694,0.305832346840106,-0.951036740124426,1.76652648334127,-0.555868341846795,0.551961001256584,-1.1151216810702,1.63548572505787,-0.69164862435177,0.50847082953116,0.327461815386637,2.31292609344444,0.151966908571055,0.60324513280436,1,1,1,1
" g__Stachybotrys",-1.56859084137564,1.14156235691019,-1.36578798438752,0.282365077450671,0.440546193275264,1.61441296743698,0.266005814332523,0.543406299253651,-0.27815284316798,1.49465597458661,-0.201619104823297,0.511282546922615,1.70733870998152,2.11376275034236,0.840937542091687,0.419134592566687,0.971448258205647,1,1,0.996310891131134
" g__Sugiyamaella",-1.57694598147175,1.21237264869206,-1.31219310350206,0.292165619459779,1.90596863168241,1.71455384243051,1.15918958913452,0.323802288882055,2.55840562763465,1.58736840946442,1.6578359690403,0.202962931598688,-3.30116344157181,2.2448779331472,-1.51631211332076,0.219165187227085,0.985943257702999,1,0.971675853404654,0.991803479011423
" o__GS21",2.8472676444356,1.10910614039148,2.66635004952336,0.041517196717497,-2.29476440210807,1.5685129458529,-1.49796475206665,0.203566168020589,0.432297850766761,1.45216081202407,0.296324107959371,0.70712665847631,-1.29586384940693,2.05366551511117,-0.629789913890144,0.543703267353339,0.794137437681038,1,1,1
" g__Botryobasidium",-0.0581827902857064,1.24215458104198,-0.0304080094758108,0.609693685887276,0.299312034987362,1.75667185507343,0.183115136411152,0.583602126452906,4.41663273045893,1.62636211213172,2.76483226009272,0.0254810884536114,-5.26919643910102,2.30002335630643,-2.32131975392013,0.0613968642791929,1,1,0.807365527923207,0.923952460433335
" f__Helicobasidiaceae",-1.4295357739154,1.13458548058498,-1.24480670297519,0.320034062571978,0.846629947611455,1.60454617431487,0.527013741912391,0.494410547591025,-0.425808008720881,1.48552109919386,-0.302980011604569,0.506225538649071,-0.108482514970339,2.10084408567134,-0.0335547789375752,0.534519074859669,0.978522294756271,0.996627802599539,0.997077384871495,1
"k__Fungi",4.18349522101023,1.08088312717382,3.95414503200319,0.00164186110987475,-1.3681334897353,1.52859957778946,-0.897881858183043,0.404138996024494,-0.663407548767434,1.41520821362131,-0.466293118209145,0.636988454122795,1.66029150286301,2.00140664928506,0.832071662442143,0.43481169790911,0.199308820953384,1,1,1
" g__Talaromyces",0.966951081915787,1.20453239820046,0.847104482838962,0.454045266822029,-1.57789338332767,1.70346605385289,-0.937490838356125,0.402701560202331,0.0379577156007264,1.57710311193723,0.0304838116899971,0.659719531910858,-0.839217313914175,2.23036061016245,-0.392237724150215,0.582979118821212,1,1,1,1
" g__Mytilinidion",-1.5486886264661,1.16505967187533,-1.31718876632917,0.284805771267363,1.17691173245762,1.64764318894004,0.728788063227006,0.460837305733509,2.62409499897954,1.52542118157403,1.74993423391293,0.163532606236586,-1.5555445904389,2.15727132331318,-0.73223731067396,0.468967309090403,0.996437349681851,1,0.977565327791257,1
" g__Scytalidium",-1.65335456157326,1.0666441165033,-1.55791789709054,0.245941598786955,0.458135643425925,1.50846257578443,0.328797755018748,0.451236509889003,-0.28688295502449,1.3965649724159,-0.207647826226035,0.448852138547485,-0.357126233608034,1.97504112472578,-0.197979824312604,0.516090344476409,0.945369676094724,0.998604935674795,1,1
" g__Nectriopsis",0.529565717203128,1.14915710145758,0.507856856449838,0.540409272373406,-2.20925339222526,1.62515355817866,-1.38349282058228,0.285136991323416,-1.11303861926152,1.50459982937868,-0.749650136274212,0.461089581454814,1.50684589935679,2.12782548465158,0.720469199131654,0.469960257252568,1,0.968529239872835,1,0.9985964571737
" g__Ascocorticium",-0.0677461731581089,1.25043527727255,-0.0254146839601977,0.63069492750983,1.29241678443294,1.7683825279886,0.744391678700468,0.466299948555873,1.19940912197413,1.63720408849845,0.747860888267811,0.481957615679261,-1.05998098404612,2.31535622632718,-0.468782640346557,0.557373322475447,1,1,1,1
" g__Phialea",0.240893576361388,1.11044943953792,0.251341545079116,0.568430320607292,-1.18990922689097,1.57041265772413,-0.774357512754611,0.451440595470275,-1.89311037126605,1.45391960345823,-1.32044370341915,0.274453994764389,3.22266941658485,2.05615282181075,1.6052276539937,0.215740901096602,1,1,1,0.977646105233604
" o__Eurotiales",-1.22347692597509,1.21189790372915,-1.02073651800328,0.378164164802763,1.72153719173669,1.71388245166529,1.04018094938123,0.368923595281901,2.23842901279603,1.58674682239918,1.46225078782835,0.249123673472862,-2.49910688063535,2.24399887628933,-1.15305312282273,0.32551670087514,1,0.998561544530758,0.981767382418987,1
" o__GS22",1.64227376615361,1.249300583298,1.36744167444202,0.262479768696149,-2.5390464525713,1.76677782838065,-1.46357540018659,0.230270117438716,-0.304733323216743,1.6357184253473,-0.191661479052774,0.6395913677442,-0.712701185805493,2.31325518134972,-0.309706999535835,0.610784726268583,1,0.986555433913457,1,1
" g__Leptodontidium",-1.66432687402335,1.14408953664674,-1.44685072271627,0.251873487645604,2.22583024757033,1.61798693929497,1.41386849789178,0.239281808442668,-0.150981513742347,1.49796482956875,-0.0973052390653372,0.533165748748648,-1.00685116391533,2.11844217793403,-0.49818699869623,0.511768387809521,0.981773287886277,0.990200786118417,1,1
" f__Mycenaceae",0.156197211387906,1.26690816673308,0.155684062115096,0.636796466667473,-0.159210094302593,1.79167871167515,-0.0783263615035255,0.662222079637051,-1.68407459784436,1.65877216360345,-1.03792180307056,0.367952248499848,1.32699064328057,2.34585809065496,0.567472770660456,0.540217567687435,1,1,1,1
" o__Sordariales",0.450796577408648,1.05869164742825,0.484850427483174,0.517813242784849,0.156419438353251,1.49721608616415,0.107718279962578,0.615582245383209,-0.359736990781714,1.38615274627356,-0.259735274804334,0.569465708709727,-0.213869751953955,1.96031601330078,-0.1294263727156,0.61516279428578,1,1,1,1
" f__Lyophyllaceae",-1.65993896767917,1.08860697554867,-1.51507505295217,0.255843537694713,0.157301887444682,1.53952274891488,0.115540087519337,0.508657164263029,-0.0365042040764885,1.42532110500249,-0.0369600615682331,0.53169489877725,2.48906543763903,2.01570843743113,1.26304617758924,0.306368438470689,0.960694104661586,1,1,0.977952871965209
" g__Serendipita",0.674546610809927,1.11925095365639,0.654895703818893,0.458378607445691,-2.23994056778748,1.58285987835989,-1.45230801719777,0.255912296712957,-2.40574546556679,1.46544349050912,-1.68388876589212,0.202652529050574,2.1211765499986,2.07245005916937,1.06312318005297,0.37149004933082,0.9950998377839,0.984269021899537,0.967987586332648,0.997302920411615
" g__Hyaloscypha",1.49223600627819,1.36910552351407,1.13536810274028,0.313126228733439,-1.64995093300821,1.93620759967352,-0.865817538212115,0.443859929969466,-0.225441086459364,1.79257991311011,-0.123345671448644,0.664726404151461,1.21629937692795,2.5350908247579,0.484921612586413,0.577350699532676,1,1,1,1
" g__Chamonixia",-1.56618136169398,1.11398552729636,-1.39770536887216,0.272668680493348,0.0747869247301557,1.57541344098985,0.0516046476041486,0.534202188401233,0.507039767678713,1.45854942912024,0.365235685859156,0.524689759892698,-0.481351389372593,2.06270038405338,-0.253108534692131,0.515915790216274,0.974369133375692,1,1,1
" f__Thelephoraceae",-1.47959141254144,1.08609418112888,-1.34908914897218,0.303776170287459,0.762612414178969,1.53596912096696,0.508138207143148,0.486059849052234,-0.476697930114687,1.42203108482119,-0.343651409092016,0.499303643013276,-0.446756108630042,2.01105564627026,-0.22803083021473,0.529966050824139,0.975229318238893,0.995823877638753,1,1
" g__Rhizopogon",-1.56925079472101,1.01934496239818,-1.53201299939583,0.254416699632486,0.00726703191769993,1.44157147056019,0.00933260999196143,0.530948201083475,-0.244464951698144,1.3346358427033,-0.18616285359749,0.493819736987681,0.350196123393505,1.88746010958025,0.179978716920341,0.526795699015768,0.956665162479218,1,1,1
" g__Auricularia",-1.67463550456759,1.0898171735569,-1.51101244194277,0.260981233607561,0.141045679211218,1.54123422735128,0.0793412938286037,0.505636515913006,-0.0656839968792648,1.42690562613923,-0.0647482339276721,0.500814226858323,0.71266510397361,2.01794928871258,0.382120507162237,0.475285500240561,0.963876279639301,1,1,1
" g__Chalara",0.594217154672565,1.20978435231827,0.531752964379889,0.513076681107038,-1.28519837638154,1.71089343859525,-0.752043476602157,0.471796891388899,-2.40325867944758,1.58397953402046,-1.54588902621136,0.230488876869446,1.17124616366134,2.24008533953315,0.522691748508247,0.509383493143259,0.999138122272065,1,0.978508997747843,1
" g__Leccinum",-1.56756623371067,1.06787122878664,-1.46225502867366,0.261142155428679,0.649252987818038,1.51019797461809,0.439400507933853,0.505070606768027,-0.122294094756217,1.39817163953722,-0.0983740918036609,0.563746005264822,-0.673914212577172,1.97731329515897,-0.345470556327921,0.554396681511871,0.968711884811116,0.99014597270178,1,1
" g__Ceraceomyces",-1.48285836136502,1.1188966550492,-1.3240712876706,0.287350221213582,-0.0339774153377291,1.58235882446447,-0.0252488304408425,0.572763066206837,-0.34031131582338,1.46497960474167,-0.219664592616094,0.491936478592641,1.88792261130992,2.07179402562564,0.932469300479674,0.389828840887546,0.990851485040336,1,1,1
" g__Athelia",-0.446305918336595,1.11180514006944,-0.365262929709447,0.535135932297713,0.602283981502712,1.57232990780233,0.408362508695668,0.5531109425386,-1.3529069543396,1.45569463211692,-0.954544829146175,0.385714098148872,-0.621752449203863,2.05866309141346,-0.318451043830791,0.532642706922551,1,1,0.996520391407758,1
" f__Rhytismataceae",-0.504742355609931,1.12488235019538,-0.424114479125808,0.533873347963226,0.313346833973038,1.59082387572042,0.191646586612715,0.541548589672537,-1.24560151937958,1.47281671934004,-0.85843325180521,0.421937943339981,-0.445176850706126,2.08287737938053,-0.204513468522835,0.524804044437261,1,1,1,1
" o__Sporidiobolales",0.873751798900104,1.19973329231435,0.77736023960254,0.429510791977582,-1.58352688340292,1.69667909322148,-0.951021759432619,0.385496383618614,-0.449799267792541,1.57081960736831,-0.283230696151354,0.602289266736126,0.306284530655653,2.22147439278184,0.124933573628534,0.616412041335677,1,1,1,1
" g__Serpula",-1.57681625754106,1.09180621337254,-1.43970014591112,0.25919529592818,0.996002012556182,1.54404715443466,0.688040999644655,0.459444000036748,-0.174521680687695,1.42950989057222,-0.127747803935491,0.514619939072682,-1.05566025246693,2.02163227479372,-0.55631749834062,0.468108959989248,0.973969618059984,0.993417013902632,1,0.993778701218069
" f__Nectriaceae",-1.18103698554706,1.12474986213425,-1.02761934884308,0.382009573774781,1.00584192414528,1.59063650930753,0.663235318168492,0.466381390935124,0.699940374857347,1.47264325174896,0.474683278716597,0.498314845239486,-1.97257791723806,2.08263205916059,-0.970524030421931,0.387790633437392,0.992790779253639,0.995659734249695,1,0.991176914402533
" g__Glaciozyma",-0.702965781416262,1.13543463790746,-0.59618587905208,0.488689123774717,-0.933195501511084,1.60574706411692,-0.591893241975323,0.474567506893449,0.174413725517213,1.48663290711021,0.116565916067839,0.56140789202542,0.805737796090767,2.1024164195054,0.394020416666123,0.522787807347277,1,0.998858897060605,1,1
" o__Spizellomycetales",-1.67106456301896,1.08519344943024,-1.54411767601441,0.23693114613633,0.0518918446340451,1.53469529398268,0.0410552293854857,0.540558131534143,1.09622566719894,1.42085175019551,0.802666678895426,0.44293419227559,-1.35503172861406,2.00938781524805,-0.694509980966742,0.482058358633981,0.960306395493482,1,0.993573840289338,0.993643671154259
" g__Tuber",-1.59903813933795,1.07610257746487,-1.48001882121646,0.26406305735344,-0.152729415862024,1.52183885955547,-0.102015541512174,0.507969160492366,-0.253604714790833,1.40894900479139,-0.17500514891335,0.519061472527393,0.965830173185544,1.99255479126806,0.481420037045615,0.483814359961975,0.952256678052494,1,1,0.999736471239009
" c__GS26",-1.66322455956885,1.09220469786693,-1.51285420235796,0.226943939166192,0.493136687641938,1.54461069661103,0.328811702058971,0.543582127683959,-0.182026021244258,1.43003162924617,-0.129764295399325,0.551998226214735,0.651262093779714,2.02237012470243,0.32051740660088,0.532216383823089,0.966760856380611,1,1,1
" g__Ramicandelaber",0.687650155986033,1.09152477107978,0.685153899033559,0.512207958895269,-2.20956963921312,1.54364913492722,-1.46115806270164,0.233741611890969,-1.03909491721515,1.42914139611213,-0.734761916783464,0.49467338147437,0.80966686290071,2.02111114493059,0.406114205779538,0.538251661790316,1,0.992112063430995,1,1
" g__Metacordyceps",-1.34484670870151,1.12174739699265,-1.18385581534257,0.348347036935666,0.434001374868401,1.58639038238372,0.270241032734478,0.561052808935669,0.943281221028476,1.46871210209672,0.653390773165263,0.478566925794765,-0.804537738552115,2.07707257400667,-0.376473391041516,0.544502014604486,0.988527246537475,1,1,1
" g__Sistotremastrum",0.281842379009966,1.11500228959147,0.304941009124585,0.5722911644947,-1.86063778817622,1.57685136001731,-1.20560933173187,0.347295653765871,-1.19628111598375,1.45988068345771,-0.845554094855419,0.437884898722603,0.950625571041441,2.06458306199239,0.47550174825128,0.514280039725407,1,0.976021484844227,1,0.993501934441852
" g__Pluteus",-1.7035762083367,1.15423728071896,-1.43797054403315,0.265612317819515,0.997573083151834,1.6323380165894,0.59728791317106,0.476244987175813,-0.12261526516007,1.51125134538133,-0.102991824509639,0.491771106393746,0.356369518495398,2.13723214879286,0.183944754684051,0.552826501703048,0.973171687499169,1,1,1
" f__Cortinariaceae",-1.55862757401845,1.08819136149562,-1.41687659376932,0.280433507458035,-0.0816525743820991,1.53893498188436,-0.0640164264455766,0.478417431696507,0.387405883599962,1.42477693847164,0.265263906417838,0.525890570451527,-0.0457864630897103,2.01493886974301,0.000228353371603622,0.522576274001445,0.96958460052365,0.999183198198394,1,1
" g__Pseudoplectania",-1.41138543720268,1.05470796007294,-1.31573085493253,0.289979882495568,-0.173788226363256,1.491582301478,-0.134385014863335,0.514170498371776,0.0661858510980554,1.38093687517334,0.0381557341964204,0.517204856509358,0.0546926005546032,1.95293965765126,0.0462501415836313,0.484081245624021,0.987664089886229,1,1,1
" o__Cantharellales",-0.760201275526804,1.12645550922943,-0.672651790826357,0.479596583556979,0.5360402246027,1.59304865856214,0.356091227644411,0.539322007362344,-0.216666209928859,1.47487646801253,-0.127412058622864,0.569778032854575,-0.760515873735194,2.08579030388825,-0.385774851314241,0.524625317432298,1,1,1,1
" g__Phenoliferia",-0.218298016380137,1.12740734290115,-0.167235164589681,0.590783523058874,0.45203191494267,1.59439475464983,0.295971653756374,0.567991864442812,-1.60788177394907,1.47612271082674,-1.10353628757442,0.343716935628191,-0.244511091210218,2.08755275737811,-0.12054357071251,0.571402241129419,1,1,0.993955402921579,1
" g__Volutella",-1.16173782613128,1.113890589358,-1.0353619180074,0.386579412477026,0.140375480568247,1.57527917846985,0.0880864033278425,0.56771681690019,1.24029878366033,1.45842512618058,0.879303449947278,0.417856076934239,-0.18593936767382,2.06252459315027,-0.0917358609215425,0.564319719827097,0.992928714511678,1,1,1
" f__Pseudeurotiaceae",-0.81694825424168,1.08998002478024,-0.713756957289242,0.472641389608204,-0.774967628489982,1.54146453375998,-0.523269883189697,0.488549214162044,-0.0166298329853724,1.42711884844151,-0.0300110143874603,0.560746716183488,0.177179469678865,2.01825083058427,0.114061916682451,0.530668816786446,0.995332343648549,1,1,1
" g__Oliveonia",-1.48014802485044,1.09725055414029,-1.33248738353495,0.276985147444727,-0.187626806991273,1.55174661498659,-0.128858944184933,0.535302224384798,-0.356920376932142,1.4366382059086,-0.259586314935561,0.558844733473641,0.811041318770305,2.03171323501929,0.419810599981419,0.517378507066352,0.989445285127238,1,1,1
" f__Cordycipitaceae",-1.50705442380817,1.11927882151103,-1.32864607074999,0.317935334532082,1.01855210707675,1.58289928945787,0.650971224073979,0.472094411372161,-0.272783268388426,1.46547997809579,-0.208674838483468,0.521457232164672,0.421643364261099,2.07250166040929,0.224074707420917,0.554711607185633,0.963800814648196,0.999673793684326,0.996263393745747,1
" g__Hyphodiscus",-0.533468183390193,1.1539526253838,-0.446997772706386,0.580288601611732,-0.413529469346033,1.63193545315381,-0.249595244736,0.591410961698628,2.07710980352091,1.51087864406122,1.39959258136248,0.257506750899699,-0.233995979647006,2.13670506953125,-0.115498187309345,0.621412251034937,1,1,0.992815659887385,1
" f__Entolomataceae",-0.0510710734590538,1.21553680150431,-0.0118576116764747,0.621491090012051,-0.759621564318136,1.71902863025101,-0.449567781449753,0.564137245135477,0.81159750515638,1.59151125797087,0.516528320508467,0.541601337525625,0.674284710594012,2.25073680569186,0.298726030202652,0.604959384805775,1,1,1,1
" g__Rhizosphaera",-0.668315098467831,1.13257140464168,-0.568053573202047,0.534851582768803,-0.512659536735105,1.60169784080021,-0.335232186345974,0.562661504746812,1.8474978108756,1.48288405477513,1.29332310669989,0.291413968501344,-0.89054219312409,2.0971147416898,-0.437389493145845,0.545471444783852,0.998555365791493,1,0.99746204489676,1
" f__Cephalothecaceae",-0.784596160382443,1.09511241262694,-0.696097168367972,0.477602134763194,-0.080306480453375,1.54872282626014,-0.0528685532594767,0.528013091376369,-0.552781275385808,1.43383872152819,-0.389267756863602,0.486814893451806,-0.0785144158151391,2.02775416624086,-0.0342117380829122,0.534159663755118,0.992583512482558,1,1,1
" g__Hirsutella",-1.67061619017708,1.09731423241834,-1.50829983998944,0.25617532327189,0.421792455498787,1.55183666967104,0.283843282861601,0.497599735775981,0.276103555326779,1.43672158034555,0.179415615642786,0.500482337462004,0.557842930924405,2.03183114427878,0.28818446640563,0.514131150759569,0.956099334253691,1,1,1
" g__Cladosporium",-1.18401930373705,1.04706146836216,-1.12312283052839,0.357846493274543,0.413641251986695,1.48076852919606,0.30803517999632,0.542228103015843,0.802712454998328,1.37092526744035,0.592690429424034,0.477251167123213,-1.09474491592191,1.9387811062141,-0.590801406628245,0.489881576003109,0.986343295476075,0.997505149591893,0.993941741674309,0.992715579533582
" g__Lophium",-0.212404642094053,1.11133541066868,-0.162472038298527,0.625494728121423,-0.87755802317411,1.57166561011313,-0.561453184026566,0.485366005011603,-1.64972719233315,1.45507961196402,-1.13955757495826,0.327192597186706,3.89295789772462,2.0577933215721,1.91676995289726,0.135856486953393,1,0.99762326964386,0.998057964917985,0.954295802046317
" o__Annulatascales",-0.980379465447903,1.15709352631021,-0.818042025716195,0.427014228115689,-0.0479506824441849,1.63637735784201,-0.0346155890769915,0.555283257428204,-0.747920761028347,1.51499104870284,-0.506210117637359,0.478204958910212,0.880071853247307,2.14252088794939,0.427185663946261,0.50070648257425,1,1,0.993532150421172,1
" f__Chaetosphaeriaceae",-1.54490393582452,1.06126475350249,-1.43186230294959,0.287252339298671,-0.0992801518179497,1.50085500767176,-0.0810812141904423,0.516917758039762,0.472576086148611,1.3895217329468,0.338932663584386,0.500766242776589,2.02043271619413,1.96508047994554,1.06932098279436,0.379624717503235,0.960575002307405,1,1,0.987806542040169
" g__Venturia",-0.859613992162481,1.08560992204011,-0.741225068452437,0.452724369859439,-0.737934721049828,1.53528427519592,-0.509597910824053,0.488331957006564,-0.265587442953834,1.42139704084112,-0.215496470621711,0.510232271558788,-0.0846101142342825,2.01015897267449,-0.0258017152225275,0.581267880455041,0.999854747425566,0.99635410195966,1,1
" g__Xylodon",-0.200628854625846,1.14807824944712,-0.164923943857573,0.614155506986805,0.0103509225326026,1.62362783103368,0.0183057090385043,0.590664004442542,0.374008797676852,1.5031872805211,0.280746725862983,0.602152112448977,-1.36087436194502,2.12582783889966,-0.667418771260792,0.479883518071979,1,1,1,1
" g__Pseudeurotium",-0.904302966139311,1.14073752812272,-0.760564320461999,0.449536540824339,0.389637439220952,1.61324648337912,0.241258241361585,0.562477062142651,-0.891953344237238,1.49357602019977,-0.622892059263203,0.469548192515475,0.758360390278482,2.11223546420175,0.380092894117318,0.497342112852595,1,1,1,1
" g__Entocybe",-1.55317711332261,1.11008723082849,-1.40736393548169,0.291049923719898,1.15394098307882,1.56990041725484,0.772507378409247,0.450289179568682,0.482124042066373,1.45344536093585,0.360004447844799,0.46845173024129,-1.36931060453634,2.05548214160374,-0.705054390351031,0.461150360564179,0.970926436741944,0.997629400082524,1,0.991106604429085
" g__Aspicilia",0.630784762851114,1.06300961805202,0.664069568359333,0.46273656345092,-2.25238527714483,1.50332261878222,-1.55410224129393,0.224713670143767,-1.18497048635583,1.39180629691128,-0.878438315567726,0.409311716465739,1.27526299781797,1.96831134128821,0.686603798103451,0.487247718938245,1,0.960577175088811,1,0.999254813206325
" o__Orbiliales",-1.51449287595761,1.0256165267248,-1.45921379878211,0.257179985066091,0.482258099455465,1.4504408018882,0.34296445789427,0.523909289356179,-0.218811619503998,1.34284724791831,-0.171659485652825,0.521324579934581,-0.696128941615749,1.89907279020146,-0.36473962175689,0.474687471021659,0.949768610903548,1,0.994407329850911,1
" f__Ceratobasidiaceae",-0.691995045592199,1.03972875119469,-0.619295288925304,0.516981500479579,-0.386981589021745,1.47039850112877,-0.280330423729248,0.563127281685028,-1.07296868613385,1.36132448702044,-0.833502321366149,0.381036910717935,0.79900773962376,1.92520355233491,0.440529854406167,0.538880353613369,0.988600699794305,1,0.998259228373622,1
" g__Malassezia",-0.138643142483177,1.13397527187906,-0.0828698935787458,0.582832336771172,-1.41712418662219,1.60368320888709,-0.905986909326413,0.430552842968151,-0.0913127740325298,1.48472214845541,-0.0725716283544751,0.588565984538937,0.512671424803801,2.09971419870136,0.266928398459705,0.561464045227376,1,0.998295963310941,1,1
" g__Krasilnikovozyma",-0.325594394853235,1.08929311352904,-0.270192760007267,0.560408555745587,-1.42474529523101,1.54049309455238,-0.944083077700892,0.391195634247486,-0.805025095400749,1.42621947049741,-0.565692193949243,0.504342296391396,1.79644312032487,2.01697891809802,0.899011926326598,0.38539868742555,1,0.992973760243307,1,0.99766024684795
" g__Tolypocladium",0.789835330290019,1.11021727498469,0.760247219071169,0.463628401437263,-1.786560706537,1.57008432746424,-1.14685562905381,0.335694641409893,-1.90392077954726,1.45361562870426,-1.34394072046044,0.278772010401225,2.49755750236986,2.05572293659106,1.2409843514736,0.306123216674967,0.993848439498236,0.999496940352427,0.980294710282245,0.989170326317969
" g__Basidiobolus",-0.206232846274588,1.15807134232077,-0.14299788731603,0.589412140066192,-0.863786032805528,1.63776019850565,-0.541033541452076,0.503476864116067,-1.20678733629156,1.51627131038402,-0.805336507728552,0.41071723262366,0.39260764191185,2.1443314513823,0.183147815512608,0.522454060927445,1,1,1,1
" g__Ropalospora",-1.64291447888734,1.10636255132292,-1.48637101761573,0.250781262510404,-0.0793876212623446,1.56463292498257,-0.0450486158215537,0.541374842486418,0.972784702762009,1.44856861071479,0.699163221365778,0.459029169383772,0.6084699342163,2.0485853753008,0.288194536088709,0.539791521242084,0.95344875207282,1,1,1
" g__Mucor",-1.45557429773019,1.07103439473558,-1.35082732481773,0.281324695526457,0.609809732528609,1.51467136680312,0.422571804277448,0.507322140474811,0.493125486424652,1.40231319593629,0.364242680047056,0.529969567274979,0.16892750926482,1.98317034038786,0.0747710693266617,0.576548479768434,0.981836725840277,0.996849719001645,1,1
" f__Glomeraceae",-1.5983540597646,1.1088463165893,-1.42719143720635,0.268444650129954,0.652792884747602,1.56814549950804,0.432019999945348,0.494185130667877,-0.268043146401787,1.45182062281241,-0.193630336056549,0.545557280135032,0.379198777121793,2.05318441491426,0.183383696097951,0.559460620906584,0.967345009957296,1,1,1
" f__Hyponectriaceae",-1.66770646597876,1.07765501900393,-1.53128243097921,0.235150126994946,0.603781577597,1.5240343434348,0.386012629641212,0.46123394569858,1.77017114693146,1.4109816278956,1.2842377414776,0.308999660913141,-0.723776379880545,1.99542935442922,-0.364444247128819,0.508319849295729,0.9639514121156,0.999816986819305,0.974211969324471,1
" o__Hymenochaetales",-1.63631219773258,1.192859217094,-1.34851360081943,0.284747234659791,0.469772853546572,1.68695768281609,0.27002117430066,0.54027465447118,0.96300163702896,1.56181933021687,0.621206133951213,0.48503100198315,-0.175339210804053,2.20874607876916,-0.0629948873198045,0.565989593590566,0.987527109654024,1,1,1
" g__Coniophora",-1.59971183827825,1.09133679473635,-1.46394643083759,0.276246409582306,0.437743483271464,1.54338329623293,0.308890738579051,0.443583210335008,0.967031168207838,1.42889527730566,0.691802012324103,0.441732622034336,-1.47720414323628,2.02076308037653,-0.756342653846548,0.421784782324563,0.964881491309445,1,0.999345232975634,1
" g__Craterellus",-1.67166728642464,1.08490540390119,-1.51111095657886,0.231822795261138,-0.0866436331492888,1.53428793608892,-0.062544412042648,0.504727506857062,0.403303197869948,1.42047461006967,0.273971246684289,0.512482174393635,-0.499535542886868,2.00885445856716,-0.254217717611699,0.573453883152053,0.967978322453985,1,1,1
" c__Sordariomycetes",-1.64860007910986,1.0755109701747,-1.51617275752897,0.250329392391857,0.071382225094714,1.52100220050211,0.0364342972472896,0.539219037506917,0.466656019928834,1.40817440902313,0.333513453151939,0.518167031843674,-0.817509854679751,1.99145934742723,-0.418751724727272,0.488533394467282,0.96801440816532,1,0.995356742956004,1
" o__Trechisporales",-1.58558141053963,1.05589313014,-1.49591620721712,0.242326271476084,0.268725073797032,1.49325838506057,0.174610435907568,0.518533434219002,0.224752702677556,1.38248862704298,0.169426741110711,0.50933731080726,-0.128680083177397,1.95513416619074,-0.0604175505405606,0.547120670929352,0.97910627602446,0.99721510359269,1,0.998116025559689
" g__Stypella",-1.53515238536811,1.06792386822388,-1.43232369698194,0.270727161039204,0.039714957487486,1.51027241802415,0.0200321986978286,0.563678553872021,0.730571037365662,1.39824056073885,0.543545192280326,0.493699394978639,-1.12673500722243,1.97741076445704,-0.581006439538244,0.481262453277474,0.953731326784265,1,1,1
" p__Rozellomycota",-1.6579221246162,1.05903675715485,-1.54063618267374,0.274397947882117,0.415979451851027,1.49770414502002,0.261012322277315,0.535585076977335,0.398202842070216,1.38660460097219,0.272324219217468,0.486009407289703,-0.904007334366381,1.96095503234381,-0.458000102921933,0.480030137618181,0.944247368172437,1,0.990770342760838,1
" g__Gymnopus",-1.59733950868255,1.05457002724668,-1.50698512819126,0.239958899390182,0.288282909267926,1.49138723500442,0.198120720563937,0.509080452469162,-0.104602996657478,1.3807562787113,-0.0803741042177127,0.541554080704236,0.0756865883024176,1.95268425568533,0.0376975028160721,0.530176093103494,0.972424243057569,1,1,1
" g__Taeniospora",-1.65379855378625,1.07355315344783,-1.52957973603822,0.252706234092298,0.0138950038521267,1.51823342953432,-0.00180158967176293,0.505734234986684,0.641209169227397,1.40561102520949,0.461574249238812,0.47328164436196,-0.699195819239361,1.98783417527241,-0.347927961308125,0.48784515086244,0.961032279481253,0.999750498956943,1,0.999116356306937
" g__Pseudocamaropycnis",-1.5279002642775,1.05280791340145,-1.4462932454399,0.276932652698281,-0.14103139172682,1.48889522970606,-0.0847282833129671,0.500283774710558,-0.15163327737237,1.37844913011734,-0.10338609458706,0.498476404917566,1.92964095575238,1.94942145485333,1.00005762058234,0.36181767165619,0.957180458189868,0.99893916151966,1,0.993451399641908
" f__Helotiales_fam_Incertae_sedis",-0.676353895016102,1.0359229039777,-0.614914317240394,0.494058519899271,-0.843404138396954,1.46501622037819,-0.607641006196792,0.463409034132347,-0.528564378375104,1.35634146331894,-0.403439667196034,0.544233628145529,0.502201072909482,1.91815649263462,0.280622382864351,0.524627704879209,0.99773407480271,0.99850363676928,0.992055318063255,1
" g__Metarhizium",-1.07673862152401,1.05948821427342,-1.00303440622842,0.389847537584913,-0.647772456940139,1.49834260179992,-0.453106503740242,0.489636335837524,-0.19022094030329,1.38719569709186,-0.124934908135963,0.547322249195751,0.48390519496389,1.96179096849291,0.250810270216572,0.542703600243962,1,0.997849413667513,1,1
" g__Lecanora",-1.0840604526657,1.06945728946688,-0.992972304223879,0.393235103979189,-0.479821672988431,1.51244100314283,-0.327399387386273,0.497163193987502,-0.0792474473540579,1.40024828042979,-0.067622899233838,0.54169693367772,-0.370592522226369,1.98025010887341,-0.179370782496451,0.523396928259271,0.99272092046663,1,1,1
" c__Tremellomycetes",-0.66747602296386,1.03655076442843,-0.631980453708055,0.490050929271044,-0.887870102238574,1.46590414914289,-0.620236844571152,0.451322328860097,-0.810267904390528,1.35716352561647,-0.606438509608064,0.452373041130273,0.454563060713921,1.91931906428489,0.258321611634035,0.505702977338545,0.992821750064204,0.99355268287421,1,0.994996375242821
" g__Hemimycena",-1.65409685119542,1.05916020904984,-1.57734931144313,0.216750283898809,0.188110748211086,1.4978787323642,0.142068388081813,0.543791393352704,-0.0857756984634931,1.38676623744461,-0.0457246005907561,0.523335466068877,0.279008119001475,1.96118362083527,0.138468592212422,0.512140580354341,0.973208446119529,1,1,1
" g__Gorgomyces",-1.62556617820201,1.05847079792804,-1.53140498283236,0.248554124073483,-0.132711703306148,1.4969037578057,-0.0849840287228311,0.483158120987768,0.548591734258239,1.38586358640158,0.390658334634452,0.529768648199026,-0.719882758316438,1.95990707948813,-0.365837963681461,0.487768181328014,0.959406123842261,0.996425797110567,0.996090733862876,1
" g__Ganoderma",-0.627489031058359,1.05660075414953,-0.565484024172679,0.518609541827628,-1.00411081495682,1.4942591165319,-0.689477340439543,0.465167498993034,-0.715009127772115,1.38341512435361,-0.523232013484652,0.470209462541181,1.52720931380796,1.95644443125294,0.799510207912972,0.416350643687198,1,0.998444208997027,1,0.995546876765558
" g__Coprinellus",-0.354520485688899,1.03588028298361,-0.297381663961977,0.507165533066362,-0.933741491018934,1.4649559451903,-0.65668993421006,0.47745623315732,-1.37644507508506,1.35628565933847,-1.04247148549226,0.376692324322583,0.896359974570035,1.9180775738886,0.484839070236047,0.520722066024991,1,1,0.99114755504349,1
" g__Fellozyma",-0.441898716794149,1.04367398390686,-0.390178538126826,0.538144529832251,-1.14622640973309,1.47597790273705,-0.803731503288708,0.426482792119511,-1.03236243241241,1.36649000917409,-0.773035746775016,0.431522270873705,0.756258068481356,1.93250870382134,0.409667162176221,0.522408680966069,1,0.993930235353979,1,1
" g__Oidiodendron",-1.50119950257155,1.03725117515158,-1.43723380203833,0.277261431410396,-0.0779346557363907,1.4668946794868,-0.0609393753818081,0.53698578242018,0.313610728568075,1.35808057851829,0.241765792040136,0.506603282629142,0.263417916714435,1.92061597293606,0.136117896930714,0.501908141722302,0.963986537941077,1,1,1
" o__Capnodiales",-0.238076244105312,1.09817591256531,-0.188369175576701,0.588826621909704,-1.20798220572232,1.55305526942132,-0.78598672652211,0.446129062998889,-0.678339131599572,1.43784978448793,-0.474893446010211,0.539733728146511,1.01089203130477,2.03342666587806,0.501572801406861,0.556235085858995,1,1,0.999408063639081,1
" g__Chrysomyxa",-1.03661442126052,1.06938953369936,-0.93755706949409,0.401292481863362,-0.543995034579284,1.51234518201748,-0.386192496186966,0.497082305153452,-0.791053359020525,1.40015956730596,-0.585030504249286,0.474460473560239,1.03692446038937,1.98012464957053,0.545228556268302,0.476373933691684,0.994013226546104,1,0.996279915091371,0.995618559797458
" g__Gymnopilus",-0.77296413301505,1.04463824234017,-0.71331662892437,0.472019414554271,-0.839072979171384,1.47734157009106,-0.593846831003638,0.469169403266404,-0.970561773352905,1.36775251981985,-0.73174894739041,0.444254353867318,0.704585819571988,1.9342941634992,0.390582828035972,0.502248387359103,1,0.993408246621709,1,1
" g__Crepidotus",-1.50125866464668,1.06600716892335,-1.39010959974438,0.283426063046223,0.388946015024058,1.50756179587834,0.246649101057901,0.497252925566556,-0.2483689347094,1.39573101227337,-0.194748051874026,0.534014826045072,0.68255156295108,1.97386172698173,0.376409738152864,0.515826762090955,0.982217568325296,1,0.998353470320495,0.996190704635913
" o__GS34",-1.40266260410489,1.05433356706832,-1.3291069143824,0.301578727793246,0.635647358272032,1.49105282981323,0.447403067226563,0.542779658471324,-0.329103637949636,1.38044667966383,-0.242351585784532,0.55801434043853,-0.854622822825587,1.95224641651349,-0.447866858778922,0.506442483761088,0.979561427448211,1,1,1
" f__Ophiocordycipitaceae",-0.790783236235064,1.05874868529577,-0.721657931611851,0.481153029174725,-0.283835221813288,1.49729674988996,-0.194257131846632,0.534110043207919,-0.987526570324025,1.38622742637224,-0.725057611789136,0.418825451553449,0.0882079112477172,1.96042162690917,0.0313578834344759,0.557264425598201,0.985115756147792,1,1,1
" g__Mniaecia",-1.64433596885106,1.06794357103867,-1.54064992251994,0.248951714636339,-0.00622268895133625,1.51030028201204,-0.0140392471949787,0.534869184910943,0.83378946848324,1.3982663577789,0.621889866260478,0.475451646424183,-0.348271547062469,1.97744724698095,-0.17702444998573,0.555081293504956,0.950217841113692,1,0.997513261502912,1
" g__Endogone",-1.55032131875552,1.08668458763291,-1.4291140044417,0.271614130201694,-0.0613803237787095,1.53680408185228,-0.0281139584526983,0.513188026961711,-0.353787262488574,1.42280410839134,-0.232586617893474,0.505198696135252,1.28345296513535,2.0121488666872,0.625795529535662,0.473875784863921,0.966608631525531,1,1,1
" g__Syzygospora",-1.74473427011261,1.07523010196657,-1.64564920028954,0.233817696549709,0.455695942332797,1.52060499287293,0.331057829907824,0.481215127369797,0.410957023521394,1.40780666621625,0.294501157125703,0.4911549568052,-0.652554927359525,1.99093928056228,-0.32787991809542,0.470539032223674,0.930494915375876,0.996154885404025,1,1
" f__Venturiaceae",-1.6195140341747,1.02932412927374,-1.58759313830619,0.239758230111834,0.824012657496229,1.45568414369679,0.58881842666195,0.451227077774627,-0.0970781006946807,1.34770163915469,-0.067446442668497,0.502033013164572,-0.784415690968604,1.90593793612501,-0.419992349831297,0.489342506497361,0.92860517535172,0.990872025548741,0.992518955989357,0.987900613883099
" g__Polycephalomyces",-0.977023399877411,1.04306358991925,-0.93933558219843,0.397061683802694,-0.0981617927523371,1.47511467528137,-0.0568157046305436,0.525658204596524,-0.433057454787662,1.36569081584495,-0.300570427628954,0.492762148917287,-0.0114542898861579,1.9313784737763,-0.00499199810565809,0.572803715910891,0.998013112598683,1,1,1
" g__Simplicillium",-1.09039475724765,1.06158053920815,-1.01450206757317,0.38137844048113,-0.549867524351448,1.5013015960995,-0.367297993927076,0.475735270212124,0.324918870999219,1.38993519348953,0.228898654022967,0.557770506039496,-0.661856368906895,1.96566520145257,-0.341948062621446,0.509605760559502,0.987081333409551,1,1,1
" g__Hypomyces",-1.53256373948747,1.01385866969767,-1.52150254762271,0.261330312694776,0.546883959917424,1.43381268101599,0.413455004929098,0.509828434110129,-0.176162634587402,1.32745259939338,-0.118708567919073,0.520257415709002,-0.59841505513426,1.87730146946953,-0.342459592513113,0.497033418828206,0.952583253999917,1,0.992937687684616,0.994700940188171
" g__Coltricia",-1.55089910243922,1.03422873721406,-1.50635745660343,0.258557527663099,-0.0182792409586291,1.46262030676412,-0.0146705732266494,0.491470975192917,-0.205290829549318,1.35412327833772,-0.142752724886329,0.465088520087939,0.471156116875852,1.91501950535031,0.25833420148972,0.484899514548824,0.972709148852162,0.995505306377129,1,0.991365118284788
" g__Candida",-1.46821436353978,1.0495742760842,-1.40873116421532,0.275882189960768,0.427822747351187,1.4843221759562,0.327507810751177,0.482647437760601,-0.264900607708178,1.37421530503838,-0.191844573029612,0.538184957499541,-0.439190262196003,1.94343392200596,-0.259064839772846,0.535543251207792,0.986000454389345,1,1,1
" g__Leucosporidium",-0.0556455759129323,1.0155392838569,-0.00674659280916895,0.560520687090949,-1.44146272173449,1.43618942835309,-1.03903322735879,0.36671895373186,-1.71139631463933,1.32965303985014,-1.31440127861982,0.297301574724853,1.60733309919086,1.88041336220668,0.885323435322741,0.394520826366512,1,0.984978302205297,1,1
" g__Calcarisporiella",-1.55734494568794,1.05867435648698,-1.43360872447335,0.265262709795522,0.0475208748098719,1.49719163308049,0.00132438169436202,0.51231098275919,0.622109638477073,1.38613010711721,0.441507214272121,0.499910678607639,-0.896027824550387,1.96028399669883,-0.457231967194041,0.524588212722447,0.975283819163402,1,0.994800436025865,1
" c__GS27",-1.1512911534657,1.14786853877165,-0.991222839889807,0.40144671805292,0.217665096181361,1.62333125535225,0.137388778708548,0.520709810294355,0.0955320242816124,1.50291270479412,0.0815383934231952,0.530197696220795,-0.433492294050178,2.12543953018268,-0.223721224051433,0.480411493331848,0.996025385717483,0.998502467760646,1,1
" g__Perusta",-1.68539220895575,1.03722547415985,-1.64066502418057,0.214261730071122,-0.108148396015974,1.46685833279572,-0.0469354525741647,0.480882864228921,0.44983827705523,1.35804692802113,0.364521356990495,0.520114591711963,0.0431003458358912,1.9205683839466,0.00230291385409305,0.529092298467482,0.94597089294396,1,0.999649459706664,1
" o__Pleosporales",-1.54980258248393,1.04781662745055,-1.46840037421307,0.261038373075017,-0.067067356442818,1.48183648542061,-0.063444539918877,0.541171723871898,0.518903660497282,1.37191400277871,0.387024615319974,0.519526786230463,1.26139673791317,1.94017938913922,0.669873092516247,0.451522116496538,0.948308009002621,0.99260792626981,0.998955858353412,0.989290800546351
" f__Dothioraceae",-1.57748238783609,1.01916945412323,-1.5705727338017,0.233451233170093,0.347896728454156,1.44132326437745,0.268158118891927,0.52070405065388,0.876402663171428,1.33440604843043,0.695716437411601,0.452034292585385,-1.47161793396941,1.887135131403,-0.811485807824876,0.410521175612887,0.962646359831434,1,0.990402072535317,0.997377648712235
" g__Haptocillium",-1.16377152195322,1.01992419589554,-1.10872663765421,0.366907283079504,-0.522181612715898,1.44239063042795,-0.380439181669476,0.498033742551045,-0.557889013930838,1.3353942373738,-0.441223090192232,0.450717959024526,0.790738144488891,1.8885326416089,0.428410762157094,0.464078782015398,0.993001723068077,1,0.993777676243404,0.993192121027089
" g__Psathyrella",-1.77287509411768,1.07318501498776,-1.64834196277688,0.1950208274989,0.179633110268344,1.51771280313127,0.126044557497593,0.548110442681354,0.883807651330109,1.40512901882107,0.631073770597512,0.486822841621708,-0.585320404862443,1.98715251530075,-0.289513113438824,0.534449344100744,0.977538709176886,1,0.992673280269225,1
" g__Mycosymbioces",-1.51450401848412,1.01088993980348,-1.49407616586599,0.267140436135923,0.396831817365654,1.4296142629366,0.293593132620695,0.529841496889883,-0.338321007116387,1.32356561954822,-0.256970597484538,0.54390157337829,-0.36370698150921,1.87180444985585,-0.209129826762208,0.517662707613079,0.955019022921511,1,1,1
" g__Piskurozyma",-1.60544777723334,1.0430984037102,-1.50881821360091,0.26378485764005,0.0274710182207275,1.47516390941669,-0.00941814119045026,0.539859026707551,0.359780033357077,1.36573639779702,0.253696276555369,0.529510825128682,-0.626809337879531,1.93144293639113,-0.304101587698347,0.527477444992828,0.94815550525111,1,1,1
" g__Phaeotremella",-0.851905901504687,1.01126727813641,-0.803023817475272,0.438237602745248,-0.702931994120535,1.43014789992463,-0.512731447048667,0.483379607077102,-0.911665740315954,1.32405967139773,-0.710602910531021,0.455217620683764,0.603682787261457,1.87250314468193,0.328545060016662,0.512438759592343,0.992375498457705,0.992486894614955,1,1
" g__Chaetospermum",-1.68576166689922,1.02674267429708,-1.6492006927085,0.212266637423425,1.02491500351138,1.45203341505815,0.731909506849538,0.438576432619095,-0.0921214830923332,1.34432172120221,-0.0589272634188324,0.499083804328894,-0.681846047659439,1.90115801031691,-0.371268312898057,0.494897898513874,0.950281015468159,1,1,1
" c__Microbotryomycetes",-1.11944601837152,1.02619287439436,-1.09072514372354,0.356538104929716,-0.178920604985508,1.45125588057913,-0.102317590068184,0.513223949914956,-0.60456463906711,1.34360186415327,-0.445834165694446,0.488395396193723,0.336660046164659,1.90013997871533,0.16393751425602,0.495256437624532,0.983093014557125,1,1,1
" g__Aleurodiscus",-1.46542699354463,1.05719757319805,-1.36237643609612,0.302300088221162,-0.181461330394164,1.49510314612461,-0.143570027417671,0.528140460682714,-0.324893905215983,1.38419654391534,-0.25264008014728,0.479541345994629,1.11990594730612,1.95754952539504,0.60921048502675,0.437279625569634,0.950983843444761,1,1,1
" g__Brachysporium",-1.5460712522729,1.02716032361731,-1.51449639478001,0.241561476992359,0.0472985709185724,1.45262406039114,0.038693264392321,0.525565942426739,-0.246911589248413,1.34486855252333,-0.176174472503564,0.499841909429734,0.391089027196275,1.90193134658757,0.20737381436151,0.514670254066304,0.941482923257214,1,1,1
" g__Neofusicoccum",-1.56868114525567,1.02026971261599,-1.51980103992347,0.261985009302873,-0.164530423225256,1.44287926486003,-0.121227339393047,0.491880938380898,0.207015789384369,1.33584662495246,0.161810893172203,0.513398409877536,0.0493786415700122,1.8891724142581,0.020274689934279,0.54597897213189,0.959622759798095,0.996394203234465,1,1
" f__Strophariaceae",-0.833304895429024,1.03996746122514,-0.757219004982349,0.453066957728185,-0.850979785342006,1.4707360880913,-0.606631944436258,0.461537839947131,-0.872473370318344,1.36163703181578,-0.680925324304452,0.448889916060795,0.770575810512737,1.92564555742333,0.428081357146358,0.490134522343376,0.994708992990112,0.994691807259354,0.982737920119237,0.987999889982564
" g__Pseudohyphozyma",-0.851011677816938,1.031891371038,-0.797888752425412,0.416683452220889,0.579297284801585,1.4593147718177,0.412510315290027,0.515981560586653,-0.525764643971263,1.35106294764382,-0.39568334492084,0.4780387732824,-0.955641547659447,1.91069154417767,-0.525991489457873,0.466336204359378,0.997008340089482,1,1,1
" g__Phaeomoniella",-1.53286450148016,1.00335262402034,-1.5271276937778,0.238579221095995,-0.188829814200517,1.41895488873219,-0.131011174949785,0.513820863463821,0.0727089647192265,1.31369695665879,0.0567697663011227,0.462724221764402,-0.133392439851675,1.85784805295512,-0.0835876371585515,0.50701345040457,0.961048498006847,1,1,1
" g__Preussia",-1.46825172676284,1.0277169943523,-1.41812800583122,0.275533309791127,-0.161006971498388,1.45341131169434,-0.10986998320568,0.535768266949616,-0.262259125838917,1.34559740560341,-0.220356729291981,0.51266866105045,0.503173004517999,1.90296210049839,0.297101037556326,0.532223414484363,0.961151335789525,1,0.995696682887509,1
" g__Perenniporia",-1.63846967041539,1.02746224197061,-1.60746745804428,0.24282664174721,0.0144247673101473,1.4530510374211,0.00457067152971558,0.450951644035161,-0.12477432874902,1.34526385643981,-0.0825121494565318,0.501196905004767,0.350288088730257,1.90249039074752,0.203151713801516,0.479442221715119,0.929717922468868,1,1,1
" g__Hygrophoropsis",-1.61034036865794,1.04582482517885,-1.56266380279199,0.243223840767463,0.590593209441013,1.4790196516344,0.420413592281902,0.493145798168114,-0.240066843717306,1.36930612144172,-0.130699667991464,0.508590888689441,-0.729109290683572,1.93649128798339,-0.412503225430369,0.471998437622542,0.972308547442313,1,0.999267492317258,1
" g__Fimetariella",-1.51104004743926,1.03400586186097,-1.43362330189137,0.263737557606915,0.133770642431622,1.46230511341707,0.0642448987186053,0.533840571790557,-0.274313437139319,1.3538314660017,-0.208434476706945,0.540162627906192,0.298660716301764,1.91460682038705,0.176328633210826,0.502248438711684,0.973901087694825,1,1,1
" o__Rhytismatales",-1.67865787913132,1.03065678509359,-1.61435723653768,0.224334217496964,0.181039357498405,1.4575688036312,0.119637259974668,0.504920726667349,0.619587929883505,1.3494464952032,0.46332480194176,0.471315277452332,-1.030248910708,1.90840553521321,-0.550212474372484,0.44534528648618,0.960548932761891,1,0.990193328291396,0.991271828848171
" f__Valsaceae",-1.72493913092467,1.04859236255802,-1.63451698489087,0.20403198990598,0.111751724692202,1.4829335405304,0.0700650851063009,0.583402148106041,0.176929532566656,1.37292967844992,0.129482288272645,0.541624995082531,-0.450663402369194,1.94161577144841,-0.229637719117872,0.555528923818111,0.970893976766131,1,1,1
" f__Sporidiobolaceae",-0.920467230345507,1.01932187327987,-0.874517883081211,0.445862300556059,-0.726414113365264,1.44153881761594,-0.536360339629047,0.498142254001094,-0.472935412389403,1.33460561195119,-0.360707245233337,0.525347393636919,0.248216338916308,1.88741735684062,0.151299487236834,0.539144445275417,0.984668747187737,0.996638988175268,1,1
" g__Fellomyces",-1.20698193503819,1.03119347529884,-1.17157269079373,0.349768293000636,-0.540935966298674,1.45832779819826,-0.366269339272844,0.456481409532338,-0.576884354096151,1.350149187629,-0.438859065309065,0.459797846370203,0.473431679505812,1.90939929237195,0.257477352706544,0.479645713318078,0.983318782295411,1,0.999097191122132,1
" g__Nemania",-1.60525353993413,1.05425190465975,-1.51624615105606,0.256510277728979,0.935758518902989,1.49093734172749,0.64873946276529,0.432131655659722,-0.16730249958981,1.38033975847277,-0.125050992493199,0.475541562373754,-1.09558423418865,1.95209520711499,-0.572820564341939,0.463627844051846,0.95084143866677,0.994976362589667,1,0.995912188597161
" f__Pyronemataceae",-1.58656468420287,1.02112196629586,-1.52494396378164,0.260066731405696,0.0253834340183889,1.44408453357268,0.00541333243758801,0.520414901462892,-0.0937934403860442,1.33696248695226,-0.0928886111726862,0.529268540241243,0.233937817458573,1.89075048143195,0.134465922195896,0.516744313806963,0.950709383011131,1,1,1
" g__Vestigium",-1.58436748472166,1.01320931278896,-1.57036901832071,0.23138659693233,-0.177562138632281,1.43289435166886,-0.122379517737452,0.499705103325391,0.227880693727114,1.32660239162559,0.202736830148609,0.540520415354922,-0.238154512526829,1.8760990941135,-0.141826390801077,0.524995654403575,0.958285192986453,1,1,1
