"","rab.all","rab.win.Control","rab.win.Treatment ","diff.btw","diff.win","effect","overlap","we.ep","we.eBH","wi.ep","wi.eBH"
" c__Thermoplasmata",2.10160966631905,2.35588328471034,1.50338350295022,-0.527298579001222,5.68534578251037,-0.0885995777923871,0.454131426485372,0.634899538722087,0.851485077789108,0.568800184752327,0.808464394367868
" g__Marine_Group_II",-2.51181882565533,-2.84466915222919,-2.12828253138998,0.547179993086117,4.50435751379947,0.0983614136783063,0.444010418669403,0.45899252949302,0.717248575161763,0.453770497089873,0.689777477983362
" g__Bathyarchaeia",-2.60797616543376,-2.70373288521466,-2.53945617361517,-0.0261676200172785,4.67178409721357,-0.00511188666562785,0.498046875068988,0.549922117893956,0.796417061762699,0.573282492452235,0.78701346803174
" g__Group_1.1c",5.99361941701685,6.10916777030587,5.68939184385687,-0.461413256908899,2.13998395381956,-0.169692089855201,0.404684453716797,0.127324271708638,0.502277911769955,0.254190722714566,0.611570869554895
" g__Nitrososphaeraceae",-2.59014037863998,-2.88318237525001,-2.22041032552759,0.619091871070585,4.56402296639055,0.108418966310176,0.445673391659517,0.482097127661045,0.741897260182666,0.479221945466332,0.718082986312208
" g__Candidatus_Nitrosotalea",-2.23496263197125,-2.1994117817694,-2.27680330216492,-0.281907310777773,5.23364438091982,-0.0441892032632972,0.475911459186151,0.551414946442315,0.803048195546165,0.581494887210183,0.796668807908899
" g__Nitrosotaleaceae",4.03723934845276,4.23882445474363,3.92150146498934,-1.15217941550603,5.08760672576215,-0.200148063177806,0.389322920777334,0.205287639626289,0.569583745623642,0.176360262786357,0.520736352654363
" g__SCGC_AAA011-D5",-2.27447844844145,-2.28226269582594,-2.26919693554587,0.0992327358592737,4.70066614222938,0.0169554725972599,0.490566038068754,0.500280847310131,0.769951996340266,0.5435253617643,0.778419262818759
" f__Neisseriaceae",-2.49854333184987,-3.11802511375658,-1.77978270874654,1.37171386890577,4.56202403580315,0.2538323398799,0.37865973128858,0.265989374773249,0.53615332382979,0.223134144491109,0.458563024503289
" g__Sideroxydans",-2.65610886691288,-2.88698688898626,-2.36341413392004,0.397229702841621,4.7773436017317,0.0765176909482843,0.461588543031463,0.52237155159241,0.773420483727377,0.487015024384826,0.721242110920681
" g__Collimonas",-2.47661100221211,-2.92007481431448,-1.99396408232527,1.19996587487669,4.84275722853821,0.225648509437238,0.399479509225499,0.366817742411095,0.644274440321071,0.346314573476426,0.59322956689352
" f__Oxalobacteraceae",3.61324173637842,3.42203604631791,3.67075801842311,0.354651714501731,4.40295431328113,0.0617606412144799,0.46974626001713,0.437335723673161,0.747281669383042,0.644943908646919,0.855685408298184
" g__Ellin6067",2.90720764133161,2.77258542020483,3.00088009984408,0.241699083532819,5.73522294712278,0.0401123588330106,0.478854912913794,0.725475333698073,0.899312404363661,0.804648715663857,0.924004136958604
" f__Sutterellaceae",3.88130163142083,4.47191918281925,2.83737415814325,-1.62493388544015,4.11182697694241,-0.34931571300983,0.29993494659394,0.048783949902725,0.297382887085789,0.0127547387252221,0.150638648616832
" f__Nitrosomonadaceae",-1.762860781282,-1.51001465343371,-1.96922876406853,-0.748107697849504,5.23474938339297,-0.129197792418575,0.43750000224262,0.471728454423214,0.749428523018482,0.467598064078466,0.725605439564052
" g__GOUTA6",-2.36846637926984,-2.76868402764531,-1.89298601559143,1.11191025768056,5.31877399577647,0.171862387981568,0.409889398210568,0.370012717792942,0.647159066382546,0.366396527569133,0.620174209733672
" g__B1-7BS",-2.30136432519106,-2.01809237794477,-2.58410050964765,-0.564460325637609,4.57925427358082,-0.110903044741629,0.444661460312201,0.482812156463383,0.741789848946414,0.482390012270281,0.716315151989501
" g__A21b",6.35340975024946,6.43073815431322,6.27679949559464,-0.176271582430522,1.37547328312452,-0.0810363939935645,0.44632400972293,0.435406185281603,0.768283900934206,0.5636288542114,0.817821270401308
" f__Rhodocyclaceae",-2.26163802429912,-2.52795433775323,-1.9404978801569,0.63304349190832,4.88250139860723,0.118159715678314,0.444661460312201,0.520163914291848,0.774476591375255,0.541800263852837,0.768567332731048
" g__IS-44",3.19804657007415,4.2817941116437,0.335621864267261,-3.22372781056859,4.77330859573291,-0.603007174996794,0.225911472173399,0.0017553149470586,0.0719616644307132,0.0012214863237532,0.0424811857505102
" f__Gallionellaceae",-2.77909825310763,-3.07814216032305,-2.48053246930585,0.695290851970895,4.52687217152124,0.1323893330566,0.427456085893152,0.40406980574699,0.692102404215391,0.404408191220323,0.652022450509885
" g__MND1",3.25159561053949,4.64012288766859,0.499222219735133,-4.03403462900386,4.40471360453915,-0.794315084076098,0.177083352900728,0.000327792332990357,0.0300146041391884,5.94112013642975e-05,0.0104825174650131
" g__TRA3-20",0.0663933379636985,1.01397381686361,-0.332372360796619,-1.07005026701052,6.26937215535284,-0.159671816885583,0.428106703955896,0.48029530855402,0.758305817876276,0.420932252166887,0.709020087014525
" o__Burkholderiales",5.23380582855482,5.91580754481553,4.34144723423881,-1.5509081672165,4.01596568969562,-0.306558176150201,0.342447922845062,0.0473052912743816,0.310622606371427,0.0605895841773957,0.318334940146903
" g__P3OB-51",-1.5852336841638,-1.06404689774721,-2.0865466845501,-0.929523310824288,5.2270818714483,-0.151186455214337,0.421600523329744,0.448039846011987,0.737624423983088,0.420044047431082,0.690880766264776
" g__Burkholderia-Caballeronia-Paraburkholderia",6.87069046232431,6.61182341342928,7.21697953021031,0.569083946583027,2.28304395850216,0.228113714454017,0.397135420460548,0.270084700840162,0.653693430580479,0.268429957354478,0.627855192087303
" g__Pandoraea",1.42833871138062,0.21769396822197,2.07397483051159,1.37688506915157,5.70953328574216,0.2306739132925,0.396226418919769,0.222738586122276,0.550868823795444,0.201930768429512,0.527358157943141
" g__mle1-7",4.02195661822874,4.35359574992702,3.24594593004271,-1.2518524686926,1.97256199294254,-0.51550491613198,0.231119805027674,0.00269694421244803,0.0947826802780008,0.00122523209448671,0.038516671077058
" g__Polaromonas",-2.84833998244653,-3.09196160836338,-2.55221517705596,0.705981017712033,4.59950304714363,0.133846017670903,0.44307091940607,0.473090974030993,0.732013834616498,0.441272741001092,0.696523362532041
" g__Variovorax",-2.75986850463963,-2.84424645991179,-2.65816828171498,0.127690822391493,4.41476324051239,0.0232395347442,0.489583333701423,0.46677068245858,0.743489156781582,0.484150257247245,0.725266993056717
" f__Comamonadaceae",1.87832971372068,1.92547690113528,1.8198797678261,-0.325009655091898,5.65414325404541,-0.059584597315887,0.463240079377935,0.648482925179401,0.865889652624285,0.632117930387913,0.8452914251504
" g__Undibacterium",-2.62070480789387,-2.94212819636533,-2.11491598427353,1.03646134373677,4.50958853426968,0.183959518868669,0.402081981470828,0.3582255173976,0.632634591026128,0.33460553249626,0.581856807651071
" g__Chitinimonas",-2.78050072229114,-2.91340407815112,-2.66740129291518,0.15946489036095,4.59855770396185,0.0335468113580658,0.481457385170287,0.512989852954324,0.77076356641553,0.503151737697457,0.734796401935721
" g__Herminiimonas",-2.78233217862722,-3.00996667724203,-2.46351856799014,0.718053804069716,4.51223297815444,0.141134448172889,0.43461288458481,0.44352350921426,0.689552086229068,0.441665206626125,0.667546607782813
" g__PLTA13",-2.07791303210094,-1.90139788925147,-2.2698208536724,-0.599422323394101,4.98418991118504,-0.102237460349908,0.45608328067638,0.479934403003424,0.743200672757368,0.490080134108147,0.733144585021163
" g__Aquicella",1.66926867861304,2.08835206399984,1.14161178288573,-0.815950994972004,5.16251457861364,-0.137843662662804,0.426154849767747,0.443206913749147,0.743518018573296,0.364658714912836,0.688830047435987
" f__Diplorickettsiaceae",1.64075805070515,0.995167943921673,2.36263605821499,1.20304134756327,5.51329355337474,0.203226429802439,0.394925182797777,0.345928623947235,0.674354380163712,0.226128913952917,0.560692285163011
" g__Candidatus_Endoecteinascidia",-2.63940417184044,-2.79867801565713,-2.44866266280252,0.332517046570439,4.76014773577084,0.0634007579763874,0.466493169697381,0.558569642822542,0.794492940888023,0.546911217673939,0.760753086380105
" g__Vampirovibrionales",-2.67009615117016,-2.81679535756804,-2.49129000222864,0.41710407680157,4.53107096280867,0.079348277717547,0.46223958467473,0.4702740004691,0.744935329653487,0.485952707221247,0.722880139574913
" g__Obscuribacteraceae",4.2442803998964,3.72709229016495,4.63838834317726,0.895498757873692,2.63898833971085,0.238314041287434,0.351562505749753,0.474695869367681,0.77189347374134,0.0962949603900223,0.391220506519619
" g__Candidatus_Obscuribacter",-2.60236996617725,-2.88596306543074,-2.25473222625885,0.728765280859114,4.53917348396196,0.136089345789593,0.438151043885196,0.431305211885939,0.700633133113626,0.433874545730595,0.680452565634972
" g__Sphingomonas",-2.75852326435402,-2.99301232872696,-2.46693959018311,0.64125018110526,4.52019154883535,0.120025523007707,0.43461288458481,0.472907749925722,0.740017538653466,0.453894361608429,0.700622208749465
" g__Plot4-2H12",-1.37375715023523,-1.29477150738918,-1.45679290377741,-0.144952524782816,4.73058757040353,-0.0282299991104305,0.487312947747763,0.598213925354237,0.833748100053693,0.635016381938836,0.838050571768013
" o__Defluviicoccales",1.61515557040444,0.523957668494212,2.37709122211407,2.00705003888781,5.00619629935987,0.371698816922717,0.322916673818565,0.0540820006440653,0.300033748239213,0.0333080330698495,0.225405709693913
" g__AT-s3-44",2.95906436280955,4.04435988512694,0.266560293699742,-3.10837808602813,4.5645233417275,-0.63303747818367,0.187500018113463,0.00430825784266375,0.0934445661490811,0.000204007467744452,0.0159904457043179
" o__Rhodospirillales",1.32329950847814,1.6830706790675,1.08595450472089,-0.342264663991365,5.57188282840975,-0.0503835318792229,0.457682293172166,0.674749327720177,0.873879650139429,0.635837523928983,0.844209000810572
" g__Inquilinus",3.06048137838769,2.74430601826417,3.42917695407631,0.878309377707503,4.6860505279855,0.177523795895317,0.370442713238817,0.271034455463578,0.613767261062982,0.129567946654698,0.436281780569427
" f__Elsteraceae",3.24569578462674,3.77124689744886,2.52170327015582,-0.910073922665808,3.1730054948748,-0.23717944362129,0.348731300603655,0.0795245443787405,0.381937782588594,0.0875881791725579,0.364744099468756
" g__Aliidongia",0.51576864651429,-0.963225470773926,3.16349348097403,2.47619181972024,6.33965880209782,0.39006442537712,0.324007814503145,0.110904545785096,0.389067284369281,0.0515242946387597,0.262728613313382
" g__URHD0088",6.0679605015686,5.72397703665786,6.3972514630697,0.462248427442562,1.46984109144647,0.300219201847821,0.363044897871016,0.138113702291443,0.508444201004789,0.105958558385165,0.407218782716556
" o__Elsterales",9.59432332167054,9.61034848179369,9.54331457848955,0.0985826077064926,0.896505311383494,0.100959559486254,0.454427084956511,0.59230548952205,0.846528676386792,0.641144510748497,0.852645979174531
" g__Reyranella",5.06366794364488,4.89394037478196,5.38537527961032,0.305047855656876,2.25854824740743,0.110441809313307,0.445022773596124,0.676684336606534,0.8839644651683,0.447467994976275,0.751120741221366
" f__Rhodospirillaceae",1.17288727578257,1.78656850859493,0.234544178341764,-1.11886920122002,4.33731748680645,-0.23614501201342,0.348731300603655,0.306186511623673,0.618326625170349,0.111555477467248,0.392756978804026
" f__Magnetospirillaceae",-1.53925758011847,-1.89289498125068,-1.20642970980768,0.854845083392346,5.42714320413616,0.143150282749489,0.438802085527796,0.480525842272602,0.750576279219978,0.497474329486348,0.740319814784428
" g__Telmatospirillum",-2.65663014962616,-2.69306567487921,-2.61817187052273,-0.0950529610254538,4.61687117361419,-0.0182203513547914,0.491216656132963,0.500604752263967,0.768342147268107,0.538305792860434,0.768617484277513
" o__Zavarziniales",-2.49240132248333,-2.83178394945144,-2.14750200635171,0.572312370643123,4.87347785477128,0.0961389844188369,0.446974627786363,0.525200742663278,0.77005680660215,0.470516405975503,0.711199476782655
" g__Acidocella",3.76474530779072,3.974338470515,3.41944586840632,-0.708212503351898,5.04285971384256,-0.139687227895017,0.416666669694204,0.219610235730531,0.588946279598406,0.354978256759992,0.691800690862694
" g__Acidicaldus",1.6105161763716,1.39916550694238,1.93527223383055,0.724776646402929,4.45888886285766,0.14314194035159,0.402994795227026,0.479675795917513,0.75876172432253,0.292130918471979,0.619248173569556
" g__Acidisoma",-2.60922258284534,-2.87310823949404,-2.32390836365359,0.670958266977109,4.82579296829078,0.121206972744171,0.439167211026544,0.451329060454094,0.719055319440554,0.446876411928055,0.687846790182289
" g__Rhodopila",-2.76730176618106,-3.02180490815019,-2.48685221744406,0.649359365755888,4.5816753077192,0.119878568654252,0.435263502647843,0.414852523235721,0.690152187598505,0.406812037948578,0.654610916467414
" g__Rhodovastum",-0.0803822310813,-0.149386272879749,-0.0449968649053405,0.163642990396286,6.43678506176577,0.0229074015244494,0.489264801940345,0.686570788729724,0.880500782298343,0.744575331227038,0.895422146542491
" f__Acetobacteraceae",6.33227601798584,6.32595404627552,6.35155964275635,0.138599346070304,1.89960346469406,0.0714030964652333,0.465191933569564,0.546723038511888,0.830253224578683,0.636537530249508,0.853801779605231
" g__Candidatus_Paracaedibacter",-0.292310420423331,0.759737114877578,-1.05587650443955,-0.90538352356252,5.17990249032468,-0.16734362701631,0.407286925963383,0.406168447362466,0.700260114102227,0.28180243381753,0.588721000198612
"d__Bacteria",6.04602107394677,6.16702409099407,5.90522205280726,-0.253624857754042,1.17321303276365,-0.126594779116889,0.403383217593734,0.160746479305132,0.543572061277083,0.301866550020708,0.639901032260355
" f__Rickettsiaceae",-2.77836072548471,-2.9260715878998,-2.63825318123278,0.275626858758413,4.60285651208105,0.0468613072061328,0.474609375899148,0.518690118247048,0.780917587687673,0.515884413109683,0.744848848790677
" g__SM2D12",-2.17121523420448,-2.1480700396414,-2.19939304414345,-0.3325209099567,5.04113682831889,-0.0578475434007546,0.470396878081115,0.513552728402569,0.770004731596479,0.560901183926165,0.78274777309917
" g__Rhodoplanes",2.81543612056729,2.8760992837621,2.74689531580178,0.269803952516807,6.50378793910583,0.0377130060958174,0.471698114209114,0.700078818910197,0.886513767285864,0.719240465765311,0.886980478181753
" f__Xanthobacteraceae",8.40262064778305,8.03885997820083,8.65632040561299,0.573196404662635,0.928840041183063,0.602358721652236,0.268880218714974,0.00522116172868209,0.125052382937572,0.0063047824095811,0.100156931992832
" g__Pseudolabrys",3.21060579319243,3.9462239257068,0.956183463648381,-1.63611372802373,5.70620527157454,-0.316565743592484,0.320312507288043,0.0700306272516112,0.340329881263779,0.0465424453403405,0.269588924468477
" g__Labrys",-1.05790706557107,-1.95281852227729,0.396326382721033,2.08083414548729,4.82414855064113,0.36498381129766,0.327473965250767,0.135306948972903,0.403273315212633,0.0723973272589249,0.287977537839682
" f__Beijerinckiaceae",2.97507424743199,2.44006675364889,3.92871988885034,1.55286982158727,5.1569395706043,0.284667996747938,0.306441127094554,0.206363178553227,0.552900836369107,0.0210992965032298,0.187736676273913
" g__Roseiarcus",4.64164431389518,4.38156764450307,4.81608001682258,0.437132102073416,2.52189001856346,0.134057893046189,0.41574496076881,0.217115720052979,0.589582134419873,0.339727542018062,0.681360431790309
" g__Bauldia",2.88407691621568,3.02315937864981,2.106885567322,-0.400089209528637,4.25014767792908,-0.0887526716421707,0.445673391659517,0.30201670009018,0.63197693473722,0.507496051525442,0.782349772865399
" o__Rhizobiales",-2.75959623936493,-2.85926989675957,-2.64965302714387,0.231537363956607,4.50978849827621,0.0424377290389787,0.478515625760259,0.517677456477111,0.777988820090974,0.514562612918545,0.75524678035347
" g__Bradyrhizobium",8.2918629045907,7.84050763377743,8.73889234860334,0.898198647202642,1.54406121579578,0.541342099646747,0.285156259306897,0.0128355604861541,0.188071646485235,0.00881414653333753,0.125164636619502
" g__1174-901-12",-2.55497043422993,-2.97180252489565,-2.10645156527828,0.905811462323001,4.61323239405057,0.156802758933627,0.421600523329744,0.367140656572699,0.635660416549833,0.346950691833948,0.594456188961642
" g__FFCH5858",-2.74604008046743,-3.15252900316408,-2.34440274703944,0.869934504380444,4.43958931820086,0.187767416170987,0.408854169996711,0.365356156459481,0.65560175776874,0.348272140554875,0.61003478869526
" g__Xanthobacteraceae",-0.552295383219962,-1.63531052007047,1.02996252193449,1.84107579425422,5.17426624127242,0.332013457961983,0.341145839574208,0.137406839710743,0.424841904997062,0.0797572532967895,0.316136602397553
" g__Rhodomicrobium",-0.44985732934668,0.0160634590155277,-0.912523156057605,-0.206427639536363,5.07909002519876,-0.0296622743396972,0.483723958908833,0.605037084690867,0.827729027340897,0.657889996436726,0.852789584045777
" f__Methyloligellaceae",-2.2688836710531,-2.35045842388847,-2.15634314550814,0.0723042961948011,4.74879805022939,0.0135617657094325,0.491216656132963,0.559950450494081,0.796711277262327,0.605598544477236,0.804836081443489
" g__Hyphomicrobium",0.163946195975511,-0.253114881663063,0.50145964867563,0.667086342662691,5.46071514907856,0.10620664067775,0.440755210455733,0.530735118674957,0.78541462245163,0.487771042625912,0.749928185946857
" g__Pedomicrobium",2.21820440831009,1.53409636462691,2.97045949077704,1.49567691704822,5.08518552273966,0.284728237426428,0.341145839574208,0.168103028287996,0.502894771250467,0.0647161826291761,0.318303504085559
" g__KF-JG30-B3",4.65916765315038,4.92063893757078,4.39049119047408,-0.942115059657644,2.11678001145792,-0.329510422387854,0.31880287007771,0.017117337940058,0.208252740997158,0.025753297723507,0.204689058652715
" g__Micropepsis",-2.79862996428109,-3.03051106440414,-2.5656898939123,0.688944987530644,4.59214240152028,0.139040508624509,0.432661030395863,0.410424193644213,0.697388062017522,0.420552702666864,0.674099329196126
" g__Micropepsaceae",2.7716326066188,3.78768251738581,-0.243163713574176,-2.94236901838836,5.3055085053646,-0.505626922612555,0.240885429179343,0.0162193294197788,0.17940587620241,0.00250417096838462,0.0588609350248894
" f__Micropepsaceae",6.54771869862541,6.36251311466801,6.70320993284253,0.242348393051312,1.40641018629414,0.149672390446678,0.420949905267292,0.555621971137349,0.830746610840901,0.406869033408304,0.727963710119551
" g__Devosia",-2.76799275514144,-2.93575163955603,-2.55024465308243,0.434712799072448,4.43358149673348,0.0792376530503384,0.456733898740082,0.479977775890008,0.734536072165385,0.481220679806135,0.713317529971598
" f__Devosiaceae",-2.79033089770263,-3.13461565300439,-2.34631632357032,0.787092766949338,4.50004496041835,0.165199535292189,0.428106703955896,0.402245736673175,0.666001214040194,0.382341971685389,0.62906782769614
" g__Allorhizobium-Neorhizobium-Pararhizobium-Rhizobium",-2.6915754827667,-2.98383924507111,-2.40362964157698,0.510683153386718,4.51213554392309,0.101828018867481,0.448567710169415,0.462357194594406,0.737089059882585,0.436237981987566,0.696317166557064
" f__Caulobacteraceae",5.1912688892006,5.0723399922098,5.37213429607594,0.368642122032162,1.99777359695707,0.112222824075456,0.4176968149555,0.455659118486815,0.770359168202372,0.345789538206481,0.684669323308201
" g__Phenylobacterium",2.92294428006857,3.12845318535004,2.52123380766007,0.219641010653654,6.44108980743144,0.0278003675300949,0.483409239362727,0.679995745595087,0.876234049696366,0.793179650181891,0.919104935463824
" g__Hirschia",-2.80445980930121,-3.02349661785283,-2.51572381085834,0.515873983356013,4.41891365799227,0.118759622464477,0.44307091940607,0.470394773363517,0.726756540632231,0.463970895882974,0.702579825991888
" g__SWB02",-2.36102046015527,-2.16134957071742,-2.557144143811,-0.472398338702314,4.76374681587243,-0.0892709824109391,0.456733898740082,0.523886406159155,0.784973792446906,0.532707520266368,0.76282863510949
" c__Alphaproteobacteria",6.33564828076435,6.36573353138094,6.26881754032065,-0.18722558744209,1.39473073655801,-0.138127086441968,0.4359141207109,0.356489108660705,0.712421687172392,0.453957679700987,0.748204653453179
" g__A0839",1.6031296153336,2.55305120103504,-0.0763511174109759,-2.2249762091002,4.60333335359187,-0.436019040561904,0.290175675867232,0.0457055183186704,0.263643742849338,0.0173824310596975,0.158722407086975
" g__Pseudorhodobacter",-2.71853418801958,-2.96236552904441,-2.41673967220994,0.596867499973085,4.27362257594752,0.123208364690099,0.443721537469401,0.47068737142846,0.724081958899981,0.438521285575866,0.679680009447362
" g__bacteriap25",-2.54315040014907,-2.84476766005826,-2.12666716165345,0.804821486711045,4.67025170973565,0.14821512889933,0.428385419249163,0.450340981093881,0.719085543411941,0.437665104663729,0.680382786262736
" g__Dadabacteriales",-2.19763242461993,-2.72267365706373,-1.5384334777392,1.41103332368702,5.17169100372432,0.233743936570626,0.384765629298545,0.247178699212637,0.557394476215942,0.234020058922499,0.506257472283868
" g__Entotheonellaceae",-1.92901687655191,-2.10511438011561,-1.61734704205225,0.380097635118924,5.04571411348224,0.0667295884923152,0.466796876177971,0.558547529634389,0.798580071046426,0.578206110052751,0.791259718060183
" g__Nitrospira",4.97175489721679,5.10488582012977,4.7709399107939,-0.572851127559488,3.33468493779059,-0.12784469504487,0.4176968149555,0.426292930592888,0.749845269737988,0.364452316748018,0.703540435269726
" c__Thermodesulfovibrionia",-2.59992005930853,-2.91463181967299,-2.25619914579721,0.83036026140898,4.96091337214262,0.15354927097869,0.427083335964807,0.396473225480066,0.675193474333416,0.390731264643987,0.655051100759694
" o__Gaiellales",2.87161891503916,3.07142677110802,2.69474757653167,-0.645285918995699,2.68394800036123,-0.186549194540612,0.376057259050035,0.252175747216317,0.600363621920307,0.177324093177395,0.502827393380295
" g__Gaiella",-1.82405742717306,-2.34551141175735,-1.24361424418333,0.969605515683093,4.74890622903518,0.191622033164304,0.415094342706646,0.348661733387745,0.643941495149702,0.339077059864463,0.610028371713362
" g__67-14",-1.94346744454255,-1.90613086569227,-2.00439287589918,-0.239456711156897,5.04922747464044,-0.038770619381074,0.476903058721504,0.602544447492198,0.822220772103593,0.601513097841868,0.80879082082312
" f__Solirubrobacteraceae",3.18010719353069,2.90806110091567,3.53620606077585,0.681525443035316,2.24725359193127,0.174601340376666,0.339843756303679,0.64545498567228,0.860706565042635,0.0805342571223649,0.343740120734061
" g__Conexibacter",-2.02660857674864,-2.69130531574974,-1.02313174802934,2.03372059784678,5.22031092242199,0.330307611192535,0.346779446433505,0.147399454376079,0.422921316182793,0.124830237776183,0.352046793318731
" f__Geobacteraceae",-2.20338958853633,-2.1927958439629,-2.21201908592018,-0.218531993698839,5.53904282560599,-0.0452665289936544,0.480806767106153,0.576378968425757,0.819695386582527,0.633323227836973,0.831333322807311
" g__Citrifermentans",-2.42495398928617,-2.35042704639115,-2.48806596500037,-0.268501531701138,4.82652390475164,-0.0510878531828354,0.478515625760259,0.518515466381725,0.779725664193388,0.514430140765304,0.757644798520499
" g__Geobacter",-2.81554017419623,-3.09271476202762,-2.48366451857406,0.618024781604765,4.46929124331615,0.119032551085256,0.439167211026544,0.415403471554861,0.700114728970372,0.413931841300741,0.681874093195884
" f__Syntrophobacteraceae",-2.7514901464746,-3.04804766770825,-2.37827559604557,0.76181337218076,4.58637894931105,0.14402056532277,0.417046196893237,0.393484893878651,0.660306332694687,0.39106591122772,0.62568559882577
" g__Blfdi19",-2.3323992550764,-2.797203656657,-1.74033399383251,1.29943539178901,5.09262067331766,0.216571743710591,0.400780745348082,0.319768585183732,0.615230934657253,0.323054466568501,0.579767544066777
" g__27F-1492R",-1.35267479961913,-0.29036127353733,-1.95038061103457,-1.40099342139538,4.83459006495779,-0.24326212709216,0.379960967408173,0.318098081739978,0.615439976913001,0.215363570180043,0.495333465594422
" g__P3OB-42",-2.43520660023403,-2.48172650725344,-2.40170805475912,-0.191315023942837,5.28825459043835,-0.0328686752381024,0.484059857426887,0.565418196469274,0.7930762554089,0.557994823771754,0.775949103633869
" f__Myxococcaceae",2.00968437309192,2.06748091291392,1.79158381780508,-0.651606582477985,4.99599924920773,-0.105670442863814,0.446974627786363,0.436223299599294,0.744941289238652,0.554602134197415,0.807316702127055
" g__Anaeromyxobacter",2.18732581210634,2.74473547276313,0.153152740416208,-2.01240681098216,5.44327924915284,-0.356195236089877,0.337239589763614,0.0853362033816993,0.364813631667202,0.0519336258905803,0.279498369030221
" p__Myxococcota",-1.20700493547865,-0.765990968562715,-1.47689808462349,-0.636508904500645,5.41063554778621,-0.102002381468698,0.448275863913288,0.552764722554361,0.797093248425458,0.535958304673619,0.771897258940283
" g__Haliangium",1.5045710956398,1.83741755205172,1.11878261544273,-0.613030374136955,4.56352999070809,-0.111172303840302,0.420949905267292,0.555900844574591,0.810798041082384,0.34299989050954,0.6593839194983
" g__Pajaroellobacter",4.42699039204812,4.86067394741361,3.9529078068252,-0.885610935878572,1.31649469871454,-0.528306618547779,0.20963543214156,0.00927182004347774,0.151666898921855,0.000709401841568147,0.0275945583078501
" g__Phaselicystis",-2.26538890255732,-2.3281125702219,-2.20740675691704,-0.024618472050828,4.73143884958871,-0.00254110375679977,0.49837345483942,0.568867314285859,0.808193719279523,0.583206328221863,0.802128412023675
" o__Polyangiales",-2.16750136653405,-1.97290652950101,-2.33000371422025,-0.871303314054098,5.04366235915553,-0.160238803055016,0.423177086112422,0.427338765626899,0.700944857992961,0.458914816809876,0.697582187656167
" f__Polyangiaceae",-2.59369034788304,-2.49057337212461,-2.68482406126107,-0.397257222157462,4.59626946093074,-0.0748682065485607,0.464843751247933,0.535994897005596,0.773754978785678,0.556439323024148,0.765975709371587
" g__Minicystis",-2.81694752335302,-3.16246075179561,-2.47637731106627,0.630782816487102,4.48356972712987,0.128918369811774,0.43461288458481,0.444081878463061,0.704111385079462,0.416364021584991,0.667383455607389
" g__MBNT15",-2.0445370505711,-1.77615850521997,-2.25847684346615,-0.681828471119447,5.10782309406996,-0.104281942334044,0.446974627786363,0.515857905784574,0.77101344038271,0.49993632688799,0.734308652372542
" g__RCP2-54",8.69783462125576,8.67027799527115,8.73997872149316,0.180616622929351,0.895091482641476,0.188224524479925,0.413411461486309,0.22586485067681,0.605896796035623,0.316672812316782,0.649420623535173
" p__Desulfobacterota",1.30455688339097,1.9837505510081,-0.254804043771622,-1.12760500547157,5.1716700701639,-0.20011046537376,0.403383217593734,0.236130843724654,0.570640472878237,0.216237442809656,0.5441601862506
" g__NB1-j",2.8532691397341,2.76451744609922,2.88316106573657,0.303788954400482,6.12206002588507,0.0468688426027056,0.47395833425566,0.533354933146617,0.800154578811423,0.725004665220086,0.887812450956059
" g__0319-6G20",2.49403779071965,2.19148842225707,2.72111821958619,0.0560487196248376,4.8283924063606,0.00889617184475188,0.494791666850652,0.647783641503913,0.860124675911779,0.796769208711684,0.921667161177324
" g__SAR324_clade(Marine_group_B)",-1.96253555645578,-1.07236688517992,-2.57239387532025,-1.87383822859036,4.98048412411252,-0.320270826529518,0.34612882837694,0.206568636408187,0.492485975644328,0.147723247097972,0.395730591508655
" g__Bdellovibrio",1.77519756500135,1.64128426841235,1.94967158609046,0.695545166613716,4.72409589587228,0.126208141737097,0.418619794619338,0.4876025276188,0.770279146218504,0.342499668570879,0.669292521388356
" g__Silvanigrella",-1.72824531447888,-1.48453461959234,-1.93452400347579,-0.707733347871493,4.80492848899229,-0.124329461887899,0.443359377026625,0.491181784216911,0.755743932276406,0.494435770829538,0.738914475042497
" o__Oligoflexales",-1.71774016759918,-1.34848883541113,-1.99604426598164,-0.575944583393101,4.70986725261948,-0.110272749569542,0.440104168813064,0.500964548466926,0.7594287525788,0.478933616681968,0.724648964849387
" o__Babeliales",0.693255113162748,1.82117742801707,-1.6490451602856,-2.86199623451012,4.72278436120837,-0.546088656535117,0.267578135472281,0.0173227139286585,0.166547300883453,0.00672377781740108,0.094926549247512
" g__UBA12409",-2.62879371008703,-3.07610377247999,-2.12779409796535,0.992999480173794,4.39447205549954,0.200065147919296,0.398437503741698,0.341982198090376,0.622540490911377,0.307818193252736,0.566162523753061
" g__Vermiphilaceae",-1.178830615528,-0.917715803951914,-1.47841717461441,0.00220256731673185,5.38349356150732,0.000491142628909145,0.5,0.620670901921544,0.836211886408658,0.636787296178231,0.834705275271334
" g__Babeliales",1.17201091735763,2.02530956973768,-0.0940831960706552,-1.89844710053608,3.43422228623848,-0.482192753661295,0.258463552794923,0.0364909526013425,0.234088578296677,0.00739746415827711,0.0992641463034731
" g__hgcI_clade",-2.69009060332484,-2.78530867415165,-2.57625486704081,0.267234404130056,4.70599859818171,0.0465434447461633,0.47820429484969,0.579269722163313,0.819040921185636,0.540301976243288,0.773862467614182
" f__Sporichthyaceae",-2.77555589599335,-2.9090316964051,-2.62079581545122,0.261617491964233,4.58281590205535,0.0471861955020199,0.480468750690923,0.546773140543083,0.78950510597707,0.519317712424816,0.757641633581222
" g__0319-7L14",-2.20676351248195,-2.82212755275658,-1.38128664844196,1.30422350031421,4.31766526806746,0.266788779734471,0.361979171943853,0.214593149390891,0.501182431194688,0.143879067430918,0.396951524051384
" g__IMCC26256",2.71971122534049,2.7157541940721,2.74114792902266,0.0831051400113187,5.29105355042779,0.0172675205637027,0.487963565811953,0.589579251971945,0.830842582123337,0.81143481054724,0.926981914334627
" o__Microtrichales",-2.40905007433908,-2.45457961684479,-2.34571025528229,-0.0268983331435546,4.4107337708749,-0.00470324732628516,0.497722836775189,0.533998452621068,0.788713748105687,0.584185979297646,0.799224338320617
" c__Acidimicrobiia",3.55423520011482,3.6329042477334,3.3890745452721,-0.267127702681282,3.34786483950983,-0.0572566799525635,0.459635418101748,0.542293522048756,0.804519293594997,0.589345891584041,0.828472742161656
" g__Acidothermus",4.28296532551238,4.12466914495086,4.70013761899159,0.38629218611939,2.37224796396894,0.103188057179868,0.430058558144293,0.77713208669896,0.922507261630253,0.478746030148421,0.769075064560331
" g__Mycobacterium",4.5097034113716,4.1899522744983,4.92052699170169,0.938310418681564,2.4504343872834,0.324212754934558,0.344176974207707,0.136857263088143,0.490578559235537,0.0664930822316955,0.327160816923211
" f__Pseudonocardiaceae",-2.61115675694954,-3.16283087321299,-1.9932323762618,1.29752614728237,4.60247412382277,0.233659559022244,0.37931034934835,0.285739467872778,0.576347457192843,0.257062906321604,0.507457851901119
" g__Actinomadura",-2.69998161405321,-3.01723548798713,-2.32552131751899,0.773860259661839,4.55786708052257,0.14729690821844,0.425504231705088,0.413464108306729,0.691742028711543,0.415813717641281,0.664112334865144
" g__Catenulispora",0.0499466798763537,-0.658431244419929,0.895849910565563,0.968763009095551,5.1616188963643,0.168749777403464,0.413142488520356,0.369119554889447,0.670899260914219,0.373981917954402,0.6724595312217
" g__Actinospica",-2.09777959507715,-2.36780455758879,-1.79376056514034,0.649009956004934,5.08965420383945,0.120190595480033,0.435546877315034,0.463042979968612,0.725296623467975,0.475783498822163,0.716980099010603
" g__Jatrophihabitans",-2.45205083658119,-2.98783735202274,-1.75793703416637,1.26114595246788,4.6304940353936,0.239445187724909,0.385416670938226,0.320219702477152,0.600313271925846,0.271877195531666,0.520016571435171
" f__Thermomonosporaceae",-2.4223946999807,-2.85821803713125,-1.83880068002004,1.32613897849441,5.57942355416369,0.203232881032719,0.404296878508909,0.263791778927685,0.541005494815405,0.315265326136664,0.553527868648229
" g__Streptacidiphilus",-2.76493800430742,-3.03720728694216,-2.47768206023934,0.674152693179882,4.53728374517994,0.122182322506492,0.433962266521803,0.441627347325826,0.712220109280021,0.415231759293892,0.670080682652363
" g__Cytophaga",-2.81388950526583,-3.08536338814789,-2.44283120710048,0.81069620974361,4.43845413796215,0.155702085830634,0.427083335964807,0.404045145391346,0.680304400104519,0.408807832336065,0.657437912022248
" g__Mucilaginibacter",3.31963217157918,2.30547726248331,3.71232466436538,1.60710829041243,5.22206678166109,0.278452020334336,0.364996752046336,0.127611810649006,0.464783164775637,0.0985374856926781,0.395093240852126
" g__FFCH9454",-2.60032558133164,-2.78955082321543,-2.45282975580428,0.22076633204579,4.56912442095519,0.0481474294225755,0.474951204529289,0.507404312709729,0.77059922705245,0.524516850487462,0.758549977825502
" g__AKYH767",-0.315444999456732,-0.0827672550690464,-0.598930895708397,-0.499304207966673,4.81363807676349,-0.0913879302535419,0.449218751812352,0.570827203966759,0.816590130252921,0.589018689039176,0.807148526544024
" g__Acidibacillus",-2.73081066398884,-3.06774569826539,-2.28601492226039,0.928318255760778,4.78426836369311,0.153115837463069,0.424202995579855,0.338700222962602,0.624749826215693,0.373406686996527,0.617711963259548
" g__Cohnella",-2.30361846453752,-2.5951417887165,-1.99224276993898,0.473388757565151,4.56696252601745,0.0910277541726285,0.455432662612694,0.526438977551429,0.780430162040951,0.532574525992109,0.76323073330762
" g__Paenibacillus",-1.45639962377517,-1.9807214115628,-0.809878213459228,1.06780558513838,5.17167214691414,0.191018015154255,0.399479509225499,0.328854721484657,0.62277531849238,0.322266715039566,0.599085188955077
" f__Planococcaceae",-2.64203325728575,-2.9277335104695,-2.3361889165859,0.545808592106662,4.38792697279742,0.103307523114697,0.443359377026625,0.524726101464661,0.763652693601528,0.516301656034313,0.750079807636864
" g__Candidatus_Hepatoplasma",-2.78268046470982,-3.03772286456083,-2.46270554311847,0.660333682163317,4.5346148994557,0.127958847452643,0.436564738773982,0.391937510471348,0.674082209738227,0.41596819730614,0.669222304099606
" g__Clostridium_sensu_stricto_13",-2.63730609533973,-2.65683519320524,-2.6286310281038,-0.225013738303985,4.5405199179368,-0.0395303240595744,0.477213542473188,0.493398851028422,0.763378392671629,0.498079874680199,0.747829269932034
" g__Clostridium_sensu_stricto_9",-2.51605908084418,-2.77845698057329,-2.23156851321933,0.76937561207659,4.79384110416318,0.143265500137804,0.437865974900216,0.434778884699768,0.704952134011306,0.437026398739202,0.684287361431497
" g__Desulfosporosinus",-1.89280776180196,-2.3139760711052,-1.3217085241002,1.05183518850867,4.71709435968206,0.192593648135545,0.40494792014991,0.373034373961682,0.652766639493445,0.328717242858609,0.591302472805883
" p__Firmicutes",-2.56832894601551,-2.64063396470304,-2.51375388396557,0.308580800354435,4.87577075402154,0.057884498856062,0.47786458411672,0.494560802681583,0.752327484894928,0.51178504687428,0.744316162818828
" g__C0119",-2.38197160963617,-2.31554287267536,-2.43267564752781,-0.0825204211936184,4.27235663809441,-0.0140233762819427,0.493819128389829,0.509247294250496,0.772814051607004,0.537976333473942,0.759384710331591
" g__Spirochaeta",-2.25895022280833,-2.34371189722458,-2.16016732777893,0.0352797406840084,4.79459742217043,0.00662835163968152,0.49642160064673,0.549177430499806,0.800543461056491,0.571129043045161,0.79280072606258
" g__Spirochaeta_2",-2.86875978752296,-2.96624578946041,-2.74719873024583,0.203929139883688,4.43549997603115,0.036019434465406,0.480468750690923,0.512312771981824,0.761838618438957,0.514642231135857,0.744912020258876
" g__Saccharimonadales",-1.89939428932736,-1.98661088092464,-1.80892221807936,-0.0520388004456844,4.83934177927697,-0.00973043777691785,0.494791666850652,0.518369036119812,0.778464111386429,0.594944646261852,0.805005424792018
" p__Patescibacteria",-2.5555278443779,-3.02757851685226,-1.97941537737672,1.19923427387567,4.49869866127413,0.218103058084141,0.391927087337685,0.338434681725417,0.583020753320743,0.288219303449403,0.520198354776635
" g__Candidatus_Jorgensenbacteria",-2.73723730212323,-2.91066135243342,-2.55745356613739,0.416044168122386,4.66432992304987,0.0749428533193071,0.459336370995047,0.501523814332671,0.766302251291635,0.510417522290681,0.747808722147521
" g__Lineage_IIb",-1.14351550608086,-1.11609187600286,-1.18453766738793,-0.160130080781679,4.97367777876253,-0.030002268154848,0.487630208770517,0.550992956542874,0.802398224589329,0.59717354250545,0.817807687661217
" g__Lineage_IIc",-2.79119751086264,-2.97164227889342,-2.63387367251864,0.276878377532952,4.59374750455053,0.0535320846515345,0.475601822593352,0.553256703901875,0.803803281567779,0.534260627746803,0.768521533591274
" g__Elusimicrobiota",-0.35711341758083,0.480031094432507,-0.86598770334342,-0.785146417870331,5.57622526306132,-0.127698084202292,0.429036460891383,0.443449089159724,0.736562217399287,0.391012599532597,0.67623608718975
" g__Lineage_IIa",5.20430181972389,5.50119778764654,4.71494734554969,-0.954612273873916,2.01095804284778,-0.286228362896502,0.284505217681282,0.0357167246585057,0.274208821325833,0.00963074727032049,0.125892305242802
" g__Lineage_IV",2.9066913184625,3.30535194999476,2.62174596952842,-0.689467847115503,3.31263033139727,-0.161581262066128,0.40013012728677,0.405753173911358,0.717477201364529,0.180992540889471,0.516084619252021
" g__possible_genus_04",-2.69354894487285,-3.07905743489585,-2.29908022242426,0.728955880139931,4.55316171848378,0.14505204321424,0.427734377606971,0.39386882805193,0.681254028743494,0.389642917806239,0.640328476132288
" f__Fibrobacteraceae",-2.38416192016271,-2.62358790069562,-2.15988559410631,0.380619704629661,4.68544195899867,0.0766496490085113,0.461288225186427,0.512427502985633,0.779284845212944,0.519547055141475,0.756075745104611
" g__AD3",7.83399655037689,7.84336710349003,7.80022747053586,-0.0986048996855948,2.54237113154966,-0.0305804295261116,0.480468750690923,0.660306655330342,0.879416257774692,0.854272293665066,0.946861275627447
" p__Chloroflexi",1.32905857295721,0.991125628441924,1.80738002526228,0.820084959186921,5.08304706305695,0.13917315395638,0.415094342706646,0.424293202426004,0.727506545881637,0.304465367550981,0.631549916910919
" g__Anaerolineae",-0.710419557762032,-0.656652503306996,-0.781350141154469,-0.069237272228257,4.94442059556602,-0.0081416709890518,0.495120364518276,0.588383799184596,0.828778680180568,0.65122282546692,0.848264185014338
" g__SHA-26",1.24886405962683,1.59372987451784,0.928638371166334,-0.308233651978693,5.04667239055062,-0.0566845640315983,0.46289062631801,0.641274395300671,0.854632862483505,0.65282385335691,0.85188833549171
" g__S085",-2.60554607334275,-2.70451304549538,-2.51408145700051,0.205056483114011,4.57305640136693,0.0397574912607585,0.47786458411672,0.545632105776843,0.781724798268678,0.54226997556453,0.766040323560047
" c__Dehalococcoidia",-1.90171369778768,-1.88543072735107,-1.92753937739916,-0.0360678713158888,4.45513519252085,-0.0076412578939565,0.49707221871096,0.533027419738168,0.787899183378092,0.557331662669343,0.791804779535878
" g__SAR202_clade",-0.0421482420810957,0.305166934624315,-0.227545745366939,-0.486345193626046,4.94879859757184,-0.0928395639382552,0.445312501955019,0.613949298006393,0.840066265327868,0.587251465206963,0.810663262463975
" f__Anaerolineaceae",3.02970808415174,3.30517874865853,2.78161405520782,-0.726129712122167,2.87832544025088,-0.204007090180817,0.360677088668647,0.166840892534989,0.518045103255704,0.132515238116318,0.441179325960065
" c__Anaerolineae",-1.95129323251596,-1.62607377481347,-2.20798647368688,-0.677294548932549,5.17968794272004,-0.111814038735278,0.449218751812352,0.503202466244092,0.760617031650294,0.504635092457125,0.735553853881835
" g__P2-11E",-1.68775812746993,-1.66021047660351,-1.70787621233605,-0.185654227104575,5.54563276302412,-0.0310156392171091,0.484375000552434,0.588578948694823,0.827052464462696,0.622139461478829,0.832650314136221
" g__KD4-96",-2.22070332374212,-2.32165420376657,-2.09757373052155,0.0841940168210105,4.57317699176815,0.0192409998336959,0.490885416988712,0.580910378388127,0.815614066703321,0.577301346014067,0.804418712457983
" g__B12-WMSP1",-1.98586303009603,-1.94442995554199,-2.03664043230311,0.0189251576537259,4.86938870200261,0.0024193306098624,0.498697916712658,0.595472475941799,0.828080063383824,0.62259273382024,0.825077342638625
" g__SBR1031",4.09968514179933,4.53815905438497,3.68281358970158,-1.02195999267959,2.60136746088507,-0.321205078770307,0.297332474397213,0.0636118883567483,0.344053386104862,0.0146914575276236,0.152294930987706
" o__SBR1031",-1.36187060502834,-1.58102970301322,-1.10379216002751,0.657056048813745,5.27149581852867,0.106130353772271,0.450520835098284,0.490632640738755,0.759815896512932,0.512224177310303,0.752337842775515
" g__JG30-KF-AS9",3.43749151978041,4.18529573539327,1.52832439352491,-1.89705632718615,6.04751143807988,-0.269164924696035,0.376057259050035,0.187141064347155,0.538814164134631,0.151343021240443,0.478216661457256
" g__Ktedonobacter",-2.51087946248183,-3.07554993535668,-1.82690908243045,1.76823045472571,5.58644311293332,0.288314035522475,0.363044897871016,0.1437810936288,0.420305565969875,0.197803251873497,0.44343622430893
" f__Ktedonobacteraceae",4.183246534713,3.78475379023271,4.67854484665223,0.337132453025996,3.12146558310196,0.0814457976462364,0.451528954230932,0.508044232041172,0.794770827216469,0.487490910854213,0.778415104632986
" g__1959-1",-2.25941217985837,-2.29101422912823,-2.24893688876449,-0.015754698088033,5.50666668568701,-0.00172878863181594,0.499348958356329,0.558552864820103,0.813269520614178,0.590882901910225,0.809037406474281
" g__G12-WMSP1",0.782363919445848,2.46866393520047,-0.619510709288449,-1.54810011592523,6.3798525287212,-0.238163021739496,0.411841252396335,0.353311465239749,0.677208707009327,0.292041458195629,0.617597787172125
" g__BacC-u-018",-2.44681136720629,-2.48985628348001,-2.4144966181745,-0.104482874511661,5.27805415617194,-0.0159254955007974,0.491216656132963,0.54989391272022,0.796764550079551,0.594821757148474,0.808400713686042
" g__1921-3",-0.506224793652364,0.605709138672154,-1.30315770237144,-1.50352583436378,5.77786083109104,-0.250134558160186,0.394531253898764,0.284499328508999,0.598583684324668,0.222675985262388,0.533048157738847
" g__FCPS473",-1.0018740968889,-0.835743802392845,-1.20518053643501,-0.615540708369093,5.85297795945531,-0.102660180175925,0.453125001670366,0.61485871553888,0.845142759431634,0.606851796668549,0.81939730390731
" g__HSB_OF53-F07",6.31469915911624,6.72311164390758,5.09171547762729,-1.62618636472962,2.91571931395123,-0.501252823047266,0.302083341622832,0.010646338299204,0.178614795113826,0.0176099846098204,0.176796235713504
" g__JG30a-KF-32",2.61069588966608,2.44548188383612,2.70319417765334,-0.238568453475591,5.11554464609071,-0.0414712211867103,0.479166667403806,0.735058502143519,0.904677088283862,0.692384229314611,0.877748915634121
" g__1921-2",5.14694458253576,5.38815398730142,4.63767509313892,-0.564144791395111,3.30822861635729,-0.141425999413335,0.424202995579855,0.245150155056514,0.628247406972847,0.399542952499367,0.727825089720414
" g__Elev-1554",-1.16420730916347,-0.752711669188938,-1.46919980665099,-0.394418599222298,4.87548506615927,-0.0674707000543324,0.46223958467473,0.522418312803996,0.776808709187507,0.547810460501168,0.779831957411887
" g__JG30-KF-CM66",0.975170784767815,1.2606021814319,0.438420014196311,-0.526472673550129,4.55352065675341,-0.0941340594796097,0.44307091940607,0.514742878321653,0.783414800361945,0.51456865462294,0.771005112905005
" g__TK10",4.16642321111904,4.3205333044625,4.00098731750599,-0.304577780881266,2.32485411724799,-0.0870307120681421,0.432010412332931,0.479424264536983,0.771954845907354,0.449585298420663,0.746496965600882
" g__WPS-2",5.47108598522599,5.55525347012918,5.35266173251448,-0.183976252471856,1.38816832632189,-0.108783881066148,0.438516592963368,0.22444047179998,0.607535090049072,0.507936409444576,0.782212574911736
" g__WS2",-2.77030616116808,-3.0446553461558,-2.42759167379969,0.679825182787477,4.54644718696075,0.130219403966133,0.427734377606971,0.382287856347033,0.674392727918457,0.381355513324182,0.637215442715804
" g__Abditibacterium",-2.74014239139672,-3.05647974726983,-2.33301505111725,0.720557878164784,4.41823572591337,0.143235447787102,0.426805467830435,0.419587183475226,0.695695357104041,0.407775553083042,0.65405972697764
" g__Fimbriimonadaceae",3.36240133129126,3.62296045739296,3.07682409592381,-0.677424734738514,2.94549714662012,-0.187026745693996,0.356119797207513,0.165135076769116,0.508272740728274,0.0992662732101304,0.376595488904738
" g__Armatimonadales",2.460712713792,2.8117825840197,1.87454942794807,-0.708709763214291,4.61536432343189,-0.151831350867243,0.409889398210568,0.422386404954952,0.732976987256358,0.321864502227997,0.652338777234697
" p__Armatimonadota",2.36956191183721,2.47298598588869,2.18283990509163,-0.187084621144471,3.35589876575875,-0.043485778934571,0.471047496145109,0.345566672515161,0.668598336567558,0.69573793375325,0.872017701527218
" g__Chthonomonas",4.24959053505853,4.64465215252562,3.6487724328003,-0.794116223886499,2.02292028882198,-0.295547387246681,0.333116467262491,0.124237322571797,0.451990974228816,0.0432303021058091,0.257555545403756
" g__Chthonomonadales",2.32009885013288,2.60376184415055,1.71458848091823,-0.461030978959116,5.17861525353718,-0.0845781355285067,0.435546877315034,0.504095310520466,0.775310308176608,0.47552551253859,0.757445979738388
" g__Rokubacteriales",7.99576030700012,7.96170670010791,8.01290747538151,0.180071087579085,2.37959432429931,0.054532157535917,0.472656250968713,0.872525091849539,0.956234666115039,0.822743312111402,0.934244718581927
" g__GAL15",4.07127437703813,3.71394295681571,4.18508151657443,0.221387472551677,4.63840944792193,0.0367143885784046,0.477553676785593,0.449119075617076,0.756994975613186,0.754400011215428,0.904407058408549
" g__FCPU453",-1.9774126599946,-1.94272438120817,-2.01093206717956,-0.206229913781196,4.83975113926256,-0.0397916804054376,0.480468750690923,0.576872521699311,0.819662775983747,0.60475331387801,0.815963874094589
" g__S-BQ2-57_soil_group",1.95591847162666,2.44032419497642,0.970029184378084,-1.28401452793243,4.29409841059219,-0.29686532424552,0.316200397867451,0.108439707036715,0.410793207725252,0.0396239171141533,0.243332968399605
" f__Methylacidiphilaceae",2.52371308957424,2.18363436249719,2.83826662146726,0.529897783462408,3.95076048159036,0.103874079578363,0.436564738773982,0.622474612206651,0.849574515724983,0.428554308355208,0.733945340690494
" g__Pedosphaera",3.71366136147448,3.80975824497475,3.62208032495969,-0.250312873038344,5.48895815632229,-0.0404745421674583,0.451528954230932,0.746934911762058,0.904242207667195,0.606245901130114,0.831739644840609
" g__ADurb.Bin063-1",4.64273887864724,4.8552681576671,4.3474338275354,-0.587420094335978,1.42154602233666,-0.334184639593181,0.317501633972371,0.0547984143477725,0.336609635829165,0.0488154068795082,0.268555953494347
" g__Ellin516",-2.68689614002734,-2.74186569400607,-2.65181420072821,-0.0577628728496693,4.73755360590963,-0.0125082544667815,0.494791666850652,0.52087591225401,0.774262025302252,0.527028475549287,0.761394543824274
" g__Pedosphaeraceae",-0.725934276378545,-0.232190134723945,-1.07545898508667,-0.543673967606779,5.70324958486181,-0.0884684446621662,0.453480808421736,0.580635980731547,0.820209326064663,0.607080032913931,0.823812560992713
" f__Pedosphaeraceae",3.72865651980659,3.3628933665209,4.08740122461476,0.794404791617747,2.88593334364201,0.215644984612017,0.37475602293109,0.266041635715574,0.627391309193657,0.141663024035184,0.463629846449843
" g__Lacunisphaera",-1.61997513677264,-1.39711188908668,-1.85514697400026,-1.0364351124465,5.59227801919902,-0.165162134376532,0.428385419249163,0.416539252372791,0.705229186188985,0.431592660892604,0.694397256025677
" f__Opitutaceae",0.141551846805218,1.31286267320736,-0.306043287808361,-0.712159763084477,5.40713550985855,-0.119899912850462,0.426432294322671,0.581359300471497,0.815705619536856,0.437251771994153,0.720083394899358
" g__Opitutus",-1.5371039909299,-1.64068309434861,-1.43026295428872,-0.0332893865971551,5.32078158716452,-0.00482265013577903,0.497722836775189,0.617748810430375,0.847770400004902,0.641551968898113,0.845496496766811
" f__Chthoniobacteraceae",-2.69668731601591,-2.86394628099012,-2.5413753548763,0.222953599635538,4.41118393934612,0.0441746874115094,0.474300586465235,0.532026455205088,0.780134862225355,0.536832490917668,0.76548820407786
" g__Chthoniobacter",1.83522864177528,2.62975713030206,-0.443790282843309,-2.05150479306643,5.13359410262325,-0.396773641657334,0.31880287007771,0.0571907559585561,0.311230792098733,0.0389476600530614,0.244756755912309
" o__Chthoniobacterales",-2.25565370135671,-2.55397235293775,-1.93090075027379,0.566939710148907,4.99761598432034,0.104995901939087,0.458035134867534,0.525078758250331,0.786626074176173,0.501179792154694,0.747421941501709
" g__Candidatus_Udaeobacter",6.10073028820804,5.15843417391241,6.28833518815358,1.06301158558541,1.84397544569109,0.567989317405185,0.295572925336564,0.00367560880422252,0.115831241680679,0.0150760971760624,0.162881249982983
" g__Candidatus_Xiphinematobacter",6.25109727099673,5.63894080479089,6.55895944840493,1.00987846327934,1.7525502135405,0.502970617581157,0.244632412967953,0.00536518943255982,0.12463330657273,0.00269708417699641,0.06406478994565
" g__Omnitrophales",3.2741340447979,4.3549388530831,1.97126537785124,-2.16133651748556,5.06844438128943,-0.405076129437215,0.260897863895328,0.0451386883710179,0.290042176902182,0.00324616032122845,0.0699515350985195
" o__Omnitrophales",-1.15903660048968,-0.0892169669252851,-1.78624792564301,-1.71634708734506,5.91111738636666,-0.259565458203625,0.382563439647984,0.254181889179956,0.565586118033271,0.218668663939848,0.511665637431215
" g__Candidatus_Omnitrophus",-2.24574245052292,-2.27062089525024,-2.22888978555037,-0.168538337592174,5.25998113998297,-0.0283042551928567,0.485026042196041,0.570607228163767,0.80803932089001,0.57938009593873,0.793894729271073
" g__BD7-11",3.97711275038837,4.23193941919917,3.63604892220449,-0.629939516461305,2.23014546032075,-0.225185299765928,0.331815231152911,0.0810439986411207,0.376280651307144,0.0536197595167373,0.285668249052975
" g__Pla4_lineage",2.55583715742944,2.95652211294778,1.86876623264639,-1.22896764025621,3.56314221397523,-0.288138167914839,0.334635423224905,0.0912458421782951,0.381045841111267,0.0487661908327648,0.276790193344992
" g__OM190",-2.18839163592292,-2.26143731954893,-2.08066261859661,0.0525036641447336,4.50036732792063,0.00883062388023997,0.496093750137982,0.535346941529392,0.78937342680999,0.568064159905198,0.787050500663885
" g__vadinHA49",-1.36685423933279,-1.56463866642097,-1.12125787526394,0.0728639443143786,5.02049082829491,0.0114972558388386,0.492187500276015,0.603105915193459,0.828374789948163,0.64649120586253,0.838315459991488
" g__CPla-3_termite_group",-1.70549141659882,-1.36703242337416,-1.97232016321067,-0.937892588304155,5.05641909647325,-0.165320075859072,0.424853613642457,0.449776602830942,0.718308457654211,0.416955178421001,0.668588814614217
" g__WD2101_soil_group",4.88700856951334,5.10683082543663,4.46376564830503,-0.417310421508091,2.01321464811288,-0.164958934046359,0.420299287204871,0.325694413700626,0.689666014072916,0.35711094403349,0.69143130009961
" f__Phycisphaeraceae",-2.45652419509984,-2.62662646183259,-2.21889814484473,0.412465190622589,4.7246526390901,0.0833096717820158,0.458685752931282,0.471777435184207,0.736158209216413,0.469039227859141,0.714983466590921
" g__SM1A02",-1.44504897115752,-1.60029285640226,-1.33094605387426,-0.0188098211245116,5.1449957238442,-0.00280380624628316,0.49837345483942,0.611885376446039,0.83303656050058,0.680854700086205,0.861397145017408
" f__Pirellulaceae",5.04693916979909,5.01403507498707,5.07983464018355,0.0917650020069605,1.35693890087603,0.0504595444244163,0.468445023889196,0.696407852555971,0.891345227875489,0.737813499515852,0.896774077072971
" c__Planctomycetes",-2.65802125032337,-2.86840580499537,-2.42372759978165,0.59830129819615,4.53178225271306,0.118225994678025,0.440104168813064,0.444172770780568,0.717058183936312,0.442923155494122,0.693810885830052
" f__Gemmataceae",8.78734247307077,8.56339570926001,8.99547844425611,0.314072484475731,1.14253869142078,0.251823633715617,0.383214057708065,0.506728487347578,0.811422188531394,0.19388287168658,0.53816994415849
" g__Gemmata",0.634859708369958,-0.570366490166171,1.47837791478295,1.45563161383153,5.14008737380105,0.254987836984637,0.363281255219317,0.214780563882421,0.53485618065742,0.136747425900628,0.433684003646596
" g__Pir4_lineage",-2.43255566908339,-2.54355849570986,-2.33748366631501,0.266507390822324,4.50806215565195,0.0540831108863767,0.471698114209114,0.530675381176501,0.783695909013148,0.560649524959383,0.777285723272604
" g__Aquisphaera",4.83802081850429,4.58882902771513,5.04091948590672,0.621961991920284,2.04321272254029,0.18633558438684,0.327260904772239,0.437531275580567,0.752092833737547,0.0445714966465847,0.260241398376637
" g__Singulisphaera",-1.85290095279171,-2.43407858058198,-1.05649143357308,1.5054758374349,5.16365151807607,0.258080398414127,0.369140629961999,0.241504510621053,0.537128819396995,0.20280193458817,0.462282543038264
" f__Isosphaeraceae",4.765184123762,4.47739176470966,5.21362189630135,0.758360905681897,2.97509729362314,0.180854035710329,0.35546875557048,0.164890356131958,0.513486258849623,0.0997409813368448,0.394136410653015
" g__Tundrisphaera",0.645419645620205,-0.272136540845766,1.75068289276531,0.816107871853067,6.36894908240893,0.118637808894968,0.419921877902921,0.46934264230478,0.753625243035728,0.367945608385284,0.674108287376176
" f__Gimesiaceae",3.51547147929057,3.49629422565911,3.54689070378376,0.0229849842315906,5.81505360142991,0.00355830587920675,0.494469746454051,0.692635729065582,0.881002723955529,0.820352025747446,0.929868207508591
" o__Planctomycetales",5.35460605377928,5.08549315999335,5.66265176042871,0.583063943341816,1.03317291141471,0.456632385494248,0.27651269690455,0.0251096386068592,0.235979564881666,0.00925726920424911,0.112671678259562
" g__Schlesneria",-0.701856120917177,-0.92269133201925,-0.434254267174596,0.177648828312444,5.61572909481758,0.0279349522022776,0.485361093555222,0.619661456294045,0.844085517288711,0.690568896490715,0.870236086557158
" c__Sumerlaeia",-2.56998856075453,-2.80327813621432,-2.34991069977559,0.52322196746153,4.65983930214504,0.0990071308747711,0.444372155532752,0.497647089131855,0.749468160704238,0.486980124694892,0.717307715984533
" g__FCPU426",0.371300164560431,1.08026300770207,-1.0546735820834,-1.665166019669,4.24257056109638,-0.335456460482949,0.331815231152911,0.110793871739714,0.391056078364243,0.0660726956739854,0.290419193084137
" g__4-29-1",-2.63172495527444,-2.85377221307985,-2.31032866458789,0.735975321349384,5.19672781812778,0.126463069563593,0.42968750253363,0.443770497039142,0.714920064308679,0.424572559961405,0.683163088337191
" g__Subgroup_10",5.68117983195539,5.46880150041062,6.52377122120084,0.94800601145857,2.348495962887,0.296398618430337,0.343526356151451,0.513581514216758,0.798231839318713,0.0729255952449835,0.345902366082346
" g__Subgroup_7",7.03314814234298,7.03716035893679,7.03174417037978,0.0414989749179777,2.87361821719861,0.0114974259419609,0.491867274197175,0.535694139816518,0.821695621425226,0.892981227326867,0.960094427921312
" g__Holophagaceae",-2.67407351833539,-2.80811437745449,-2.46058816448817,0.327542089019762,4.62759753809357,0.0630451822664659,0.468750001108118,0.52273169472121,0.777663873841317,0.509166448205049,0.737721592811519
" g__11-24",3.82787640029612,3.49923873419314,4.12751705330641,0.436230684197205,3.58730030125258,0.0962845143342733,0.434895835672555,0.545450264831486,0.806789062690306,0.473928429680825,0.76762168589643
" g__JGI_0001001-H03",-1.9359689356182,-1.79296313814519,-2.09990563163314,-0.240713802648899,4.89655667977442,-0.0502847646158229,0.47364996840119,0.56249963402527,0.807991300527045,0.579823522303446,0.80531443013856
" g__Blastocatellaceae",-2.74382187870214,-3.06349149838659,-2.42073678583011,0.666919746496209,4.65401720800553,0.129861131136973,0.437215356837087,0.42349936977327,0.706550558639948,0.430915523343662,0.681249963699553
" g__RB41",3.71242261272619,3.35604739353438,3.88251340487716,0.398509792644133,4.99306229074604,0.070824726015372,0.465494792891266,0.415889794210601,0.733265043791885,0.680296489292772,0.871231814041626
" g__Bryobacter",9.76742211030757,9.75435196955547,9.78814832713221,0.0367541032005185,0.748935611694175,0.0437471968616983,0.479166667403806,0.84052338801222,0.945212838510372,0.769893031586768,0.90748695595753
" g__Elev-16S-1166",-2.42640367161077,-2.42606642732014,-2.42670777582821,-0.0867805025082511,4.9732366348842,-0.0140654639474558,0.493819128389829,0.566908698916519,0.80273051821572,0.581310696245039,0.794184663480565
" g__Candidatus_Solibacter",7.891540578882,7.83764873205543,7.9619713720186,0.110969385460736,0.991737818551082,0.0941203478473263,0.455432662612694,0.861551314687393,0.954345998851143,0.647613060186959,0.856151781814766
" g__Subgroup_13",6.83134670369049,7.12720447419588,6.61059681176739,-0.437320921618059,1.32324084406459,-0.31543741991482,0.349381918660521,0.100453681431939,0.448596095199885,0.0874675295085787,0.370003794005559
" g__Subgroup_12",3.26336723250148,3.6056649336254,2.62993904276188,-1.21779671968241,4.54328877015939,-0.244859253548908,0.340923883927225,0.101523951613825,0.403877081290208,0.0611093581534859,0.30654263060884
" g__Subgroup_2",12.9556815729844,12.9064459185881,13.0560583313846,0.116638923914904,0.684628704837085,0.157302580405462,0.434895835672555,0.62483966529995,0.859265672542411,0.473887713770884,0.76285489933808
" g__Candidatus_Koribacter",4.97590689052304,4.78120018349299,5.24706503503,0.256909800031413,2.17222744216119,0.0926677326215046,0.453480808421736,0.809712266372151,0.933543329247503,0.512540178641622,0.790971561335922
" o__Acidobacteriales",11.5575482304091,11.4845869149141,11.6770035887131,0.229539641320967,0.831806758210404,0.257701964308656,0.391276045697528,0.223426655622498,0.602995554471074,0.20727473613732,0.548449124395904
" g__Subgroup_15",-2.09987238076184,-2.47287863284983,-1.60505658021196,0.902413481657227,5.03082858566018,0.154519513955701,0.416395578831007,0.418436104859956,0.697756643228714,0.402749224616497,0.667242322183153
" p__Acidobacteriota",2.17773683589639,2.70147431234181,0.714660166439358,-1.3511859624237,5.01678689921323,-0.257956091000086,0.356770838844616,0.182195028321962,0.521829955550121,0.0881463291619602,0.362022952193119
" c__Acidobacteriae",4.18395271048052,4.14828688540312,4.2365704213269,0.109144648941844,1.67265345863563,0.0307579920773685,0.469095641953158,0.536165336323706,0.802699231159979,0.671473859267539,0.857966485070061
" g__Edaphobacter",3.8249079080913,3.82282083783256,3.8249079080913,0.14986452762888,4.93162559723782,0.0254033101674719,0.480156149042027,0.716567209521419,0.897040993989987,0.796576714775525,0.92261784700738
" g__Granulicella",6.94469810092031,6.42057019819016,7.57122710175188,1.11577286231301,2.15580141783455,0.42885135784679,0.293619800453258,0.02397908666168,0.244283572646863,0.0137174681603834,0.155336521440087
" g__Acidipila",5.56803646271954,4.83748500465784,6.49478425172193,1.64324177848979,2.60701953486766,0.51857666632195,0.206380224163334,0.0246647365564295,0.216983300256879,0.000421814328704646,0.0243791043101455
" g__Acidicapsa",3.36124642218122,3.07566699066785,3.67332596609705,0.909996991293595,5.08863269162939,0.17369656062401,0.388671879137363,0.196170023315591,0.557708486497069,0.237108569034066,0.590005878498985
" f__Acidobacteriaceae_(Subgroup_1)",2.43833170986439,3.24502350566284,1.86835745408708,-0.892779344203944,6.24928057913187,-0.131478082808979,0.430058558144293,0.454747340455651,0.752862227634982,0.386686533637069,0.702214056963559
" g__Occallatibacter",5.65089700729182,5.6657679871758,5.63871577919236,0.106210465963532,2.10422107963996,0.0503196750543034,0.477553676785593,0.630886711558847,0.867625166407674,0.826890565980073,0.93314842780711
" g__Subgroup_17",5.54720186912487,5.92988665204385,5.29175656893223,-0.337318773384617,3.47826272056888,-0.0780692761163902,0.458984376458538,0.751012557276333,0.912317957611416,0.588397038411419,0.830250745101889
" o__Vicinamibacterales",8.65453418807383,8.7126356664428,8.55514451613305,-0.240603212461702,1.28680455917342,-0.112221922618542,0.418347433017795,0.132509690682586,0.511760884288765,0.356906399656756,0.695170988400949
" g__Subgroup_5",6.86695544599352,7.18575387760975,6.40807887361535,-0.710339257071345,1.70607807049408,-0.35148801067898,0.296875008592775,0.0330712854095911,0.276878450694898,0.0151715251936582,0.162295728596762
" g__SJA-28",3.14337949173986,3.48990950191387,2.68260892835394,-0.489918203832048,4.35227085389599,-0.0956080107125271,0.44632400972293,0.472484916590443,0.764571345748418,0.43927843120793,0.745639593996486
" g__Kapabacteriales",4.93135727499863,4.98275248183216,4.73084984200732,-0.166452316313319,1.42373373998773,-0.0891874569759363,0.45608328067638,0.315018470687878,0.682553129377743,0.632066220189967,0.847280922863
" f__Gemmatimonadaceae",6.8279465892041,7.03739566705401,6.39963296119797,-0.384461432682016,2.61762872349617,-0.121268867373476,0.430989585818205,0.632578623327607,0.861536546606135,0.369920285471263,0.707561492000727
" g__Roseisolibacter",2.80790283858083,2.8368276536241,2.76679685618086,-0.131936658652052,3.61593160539519,-0.0309817369682055,0.475601822593352,0.6309954629386,0.852295942323323,0.770333258895604,0.908003064036524
" g__Gemmatimonas",2.13637390673568,2.59565204591716,1.76820358247576,-1.08609882931253,4.25676991800817,-0.220088820935285,0.371502932634709,0.207750785972405,0.555637925648909,0.144061303950773,0.462610803779692
" f__Microscillaceae",0.783634913153048,1.62544075731324,-0.600518087227642,-1.77986641124339,5.03380793311545,-0.309753312343452,0.359141189522105,0.154111616763241,0.474143299589263,0.109591569127168,0.392563493206392
" g__Flavobacterium",-2.86287474625972,-3.2456616469055,-2.45579909473601,0.83709503793281,4.45726571663259,0.163637594185827,0.423828127754413,0.416482318788285,0.688765295354043,0.391497945075215,0.643025158550789
" g__env.OPS_17",0.154501297186852,-0.106423635115807,0.443059442544106,0.794136016904749,4.66429672203164,0.146107318339104,0.415364586410945,0.467257265134589,0.745673661083967,0.39276964462534,0.682261039897052
" g__KD3-93",-2.42439585210003,-2.66878114296129,-2.11297570371824,0.573060707354068,4.53265663797377,0.117710639078177,0.440104168813064,0.5189911674493,0.759118061915484,0.483078530205557,0.716322432994739
" g__CWT_CU03-E12",0.264106324786606,0.501268508737028,-0.0849888397969343,0.0261416225521405,5.73911149641743,0.00310004819614343,0.496093750137982,0.67193423092282,0.878091795546317,0.735373856678038,0.893674653473255
" g__S15-21",-2.36966615843104,-2.48657652289001,-2.22860799942217,0.372929736743342,4.83733616305003,0.0682954376914722,0.467447917821342,0.501861601337406,0.763041645010462,0.523803516886795,0.752178969424379
" g__37-13",1.4670081409301,1.40885871427531,1.56186791875969,0.352405924975601,5.32824684377128,0.0668960178562662,0.463541667961304,0.628210370857872,0.852789726032429,0.674943487865252,0.863380739093135
" o__Chitinophagales",-2.01296439293654,-2.54984382324334,-1.33413066835607,1.0658425876628,4.71664385716851,0.187837973638253,0.411841252396335,0.347634269081693,0.654934707883542,0.30801693956149,0.591014617119739
" g__Terrimonas",-1.73681273805237,-2.00012554437986,-1.43515683964768,0.417369782738075,5.42067627492176,0.0702113377061118,0.459336370995047,0.535145318752515,0.793705154030835,0.568904629041663,0.79553821080511
" g__Puia",5.68293592917166,5.28711477910174,6.28546553978582,0.904681952562534,3.03684957219737,0.240718203380499,0.353285627003255,0.422164658798653,0.74778519309651,0.0915039489522013,0.38586816679028
" g__Dinghuibacter",-2.63546507743127,-2.82900397230222,-2.40764006402476,0.512975785122228,4.59333170037663,0.0962363668553545,0.454131426485372,0.491755936632755,0.749863780038082,0.435498356358574,0.698840676977894
" f__Chitinophagaceae",4.48413758018663,4.28959831471441,4.70981723336642,0.296722557109747,3.15178776331977,0.0698322701004631,0.435263502647843,0.75620429006628,0.9144587035851,0.478827602255414,0.771160235080079
" g__Sediminibacterium",-2.35910831372561,-2.08494618363531,-2.56610812980694,-0.670368897096127,4.97812961065304,-0.114267189658228,0.441119065216208,0.435438954612126,0.701782481048015,0.496674018397405,0.719451716755657
" g__Heliimonas",-2.74560505486227,-2.88939274817936,-2.67259539044366,0.244105777362956,4.44985575013816,0.0454300268637512,0.475601822593352,0.487706615786781,0.752465240173999,0.501844682135674,0.742511502723196
" g__Ferruginibacter",-2.15229579122446,-2.02240568256922,-2.29688233115941,-0.446226941372744,5.21829792627685,-0.0819926784302986,0.464541315505675,0.571720590485022,0.804568357610675,0.572077340788337,0.790853929009623
" g__Edaphobaculum",1.52364824118344,1.03360342618575,2.2386560653589,0.907658905593953,5.88704116733989,0.154750928854392,0.410156253279275,0.476576926242414,0.76063592271801,0.33768710092298,0.655261461349668
" f__Saprospiraceae",-2.65834373280228,-3.06828260484147,-2.16854260285716,1.01855022571501,4.31669671679271,0.198470746125916,0.397135420460548,0.335931003256632,0.612544906357208,0.297003593942422,0.557275794214568
" c__Bacteroidia",-2.05048607375929,-1.87705982725926,-2.22797758204411,-0.29462527013512,5.31317826294404,-0.0450092897414054,0.476562500829665,0.579161831429583,0.813352666492956,0.633017391672531,0.828769494979442
" g__Candidatus_Amoebophilus",-2.80340646568706,-3.06660302563793,-2.51443764076202,0.694416170042979,4.72116755999438,0.132916051684402,0.427456085893152,0.444658277026315,0.693937358569828,0.457450015873177,0.684553026097696
" g__KF-JG30-C25",0.137678465292597,1.90788192485465,-1.81621233279466,-3.18334757030974,4.74713265813024,-0.60748048394634,0.233571906423622,0.0126223019361052,0.142527632579689,0.00341306310911587,0.0584949432332208
" g__WD260",9.1655463167616,8.91937479822948,9.39316871268267,0.368112602653838,2.13583893395475,0.172029412825069,0.399739587023015,0.222455335261118,0.611531591930631,0.26214455743216,0.619841109864243
" f__Steroidobacteraceae",4.45898840193559,4.84173688122146,3.82251378358798,-1.78688076633949,4.39786618409786,-0.430553351733876,0.255042301545607,0.00383094720787776,0.107291800011893,0.00335724328842671,0.0735642696059536
" g__Steroidobacter",-2.03048883419806,-2.297243044514,-1.7508672574218,0.361857030087195,4.77962955256408,0.0701569195029438,0.469401042751524,0.567743202528962,0.800332650719131,0.579911389456172,0.792425187129669
" c__Gammaproteobacteria",6.77309724721949,6.36019422401511,7.01539940003144,0.671668529760815,2.21248779694189,0.228606715519985,0.35653871729082,0.207271277513898,0.584515991903566,0.0837373556138479,0.369412532446001
" g__Acidibacter",8.02956022156743,7.95134387628644,8.08372729789372,0.040393211413233,1.01595103203389,0.0393728964581167,0.482108003234428,0.820054362228713,0.938312315108624,0.80319995240851,0.923620952953901
" g__JG36-TzT-191",3.18285329992479,4.07774576857782,1.76205413065977,-1.79208096000414,5.10826579778136,-0.351094926529855,0.309694217349362,0.0863503999076264,0.375754649634958,0.0229908163498125,0.196441501663479
" g__R7C24",-2.77281774100078,-3.08504956321053,-2.47216462637201,0.717234853983295,4.45406821083431,0.131124585005781,0.437215356837087,0.428452300837539,0.688721823674711,0.441412851897835,0.669436817749866
" f__Hydrogenophilaceae",-2.6533061900113,-3.04145242968157,-2.15716070713246,0.985017283151151,4.68074701355836,0.191892279073887,0.399479509225499,0.35207008057702,0.63664920794115,0.316228876409228,0.576615495372757
" g__SC-I-84",-1.81638678031194,-1.82874299228426,-1.80187637628317,-0.337891815877465,4.93403664298021,-0.0616773566681541,0.475601822593352,0.570849303060549,0.817791965309676,0.600203160857053,0.817564100719824
" g__Rhodanobacter",2.53433098269348,2.59665964882039,2.51202440500325,-0.316658830900306,4.66330534181323,-0.0561972208739953,0.465191933569564,0.703247017395231,0.889066769184221,0.712245484016446,0.884729364255648
" g__Dyella",0.488184278623119,0.665372230542051,0.258806209811003,-0.504820343384575,6.16805992929731,-0.07259777990413,0.467143787761307,0.647239943239454,0.857281641541722,0.702582403597557,0.873811340838515
" f__Xanthomonadaceae",-2.16942364960659,-2.28140463168218,-2.06798615849887,-0.122678334613932,5.01643396930913,-0.021830632891966,0.490566038068754,0.542074918816365,0.790396799605206,0.579830401904362,0.794230932719545
" f__Rhodanobacteraceae",-2.74017801694206,-3.01395962408925,-2.42656331563195,0.722174562970594,4.56746901644273,0.121069602334007,0.433593752387669,0.39993433030577,0.668862119779965,0.411143309873659,0.647497260335103
" g__Tahibacter",-2.75042319017321,-3.05037246420413,-2.41744987194299,0.644959997520987,4.31904649279257,0.126221588174199,0.431359794270026,0.402944013584784,0.683356638396713,0.422226977579442,0.655682392070297
" f__Solimonadaceae",-1.16054513240245,-1.70570010418436,-0.647978177250899,1.02944858515356,4.86075509458542,0.181527315492013,0.405598961790948,0.411357681521805,0.689531487015755,0.374285762086985,0.649938351930936
" g__Polycyclovorans",-1.88221516825402,-1.92344378537342,-1.83384068886884,0.0376960306007756,5.27841448464685,0.00695156613540437,0.495770982582502,0.555624549706624,0.796929614288821,0.611183319647296,0.814472908802478
" g__Alkanibacter",-2.58909715370646,-2.50945960335322,-2.6655959825709,-0.327672201332875,4.94464493794896,-0.0596027728538087,0.467794405825246,0.456439359093827,0.728718894539099,0.49029939329667,0.726185577241206
" g__Nevskia",1.40634348023209,-1.33408572914539,3.58907022569437,3.83960754113116,5.15659666388332,0.679932094142205,0.206380224163334,0.00309477791216252,0.0779172821151499,0.000485298398657484,0.0245729955660637
" g__Sulfurifustis",-2.75793898741178,-3.09382873330894,-2.41085686689278,0.743264809395865,4.51445137308271,0.148934137392184,0.424479169396434,0.384016911959591,0.670740489305758,0.39504248113,0.64440838995657
" g__Candidatus_Berkiella",-2.23372384023687,-2.54647167196657,-1.91180670085208,0.468298811589374,4.93376717936385,0.0860733728056425,0.464541315505675,0.509822096121082,0.759119902708952,0.506817327266228,0.732133869088261
" g__Rickettsiella",-2.50541766908078,-2.60348491342842,-2.38597643351144,0.109978053997461,4.54332974345575,0.0202782364721842,0.489915420004548,0.52530032091353,0.778283002288358,0.544224644096669,0.767939044471046
" g__Diplorickettsia",-2.68309824944453,-3.05144148871171,-2.20885416661143,0.939475866634511,4.53514409133936,0.178226424056258,0.408854169996711,0.360759786897562,0.649232656614099,0.350641058033662,0.607330370106832
" g__Legionella",-2.80097753996956,-3.04987291099863,-2.54454471744603,0.676230220943775,4.74738875842077,0.119396518372073,0.440755210455733,0.467941622472781,0.727301126817344,0.447805017196191,0.687925260290969
" g__Candidatus_Ovatusbacter",-1.19079589185745,-2.10009519562171,0.32043230251114,2.22583435400023,5.42739910868569,0.366738114417726,0.328562140880541,0.146035637144117,0.435041882916621,0.0798113944023484,0.312397473059181
" g__Unknown_Family",-2.77250773933146,-2.8765954465885,-2.63716565452613,0.133546997600507,4.44875382355284,0.0215761713098746,0.488281250414148,0.52041211503769,0.772928589496319,0.539874626939602,0.770486014551345
" g__Pseudomonas",-1.46000321258343,-1.17222159871274,-1.71468537231104,-0.506303940036722,4.74114641316096,-0.0897882025373418,0.451171876741277,0.559081550233681,0.786111739234447,0.507673237840216,0.737117373876292
" g__Escherichia-Shigella",-1.82678847243073,-1.57884980277095,-2.0543912798432,-0.797947744263247,5.1927826729624,-0.135277752923074,0.430989585818205,0.473142304215135,0.738488504802286,0.481148347771031,0.721869079959037
