"","Treatment W","Time_Point W","Treatment_w_Time_Point W","Treatment q","Time_Point q","Treatment_w_Time_Point q","Treatment p","Time_Point p","Treatment_w_Time_Point p","Taxa"
"ASV1004",3.88418352831771,-0.205524624393372,2.31199343471278,0.0337798551758744,1,1,0.000102674331841564,0.837162261231693,0.0207780451146276," g__Sphingomonas"
"ASV10143",1.93132915538665,-0.205524624393377,3.36373943221696,1,1,0.218379256949572,0.0534423600597847,0.837162261231689,0.000768941045597085," g__Paludibaculum"
"ASV1019",1.11897092335069,-0.205524624393366,4.01706996707355,1,1,0.0186796158024176,0.263152543789137,0.837162261231697,5.89262328151975e-05," f__Sphingomonadaceae"
"ASV1021",0.986403308307519,-0.205524624393372,2.06052373885758,1,1,1,0.323935242294562,0.837162261231693,0.039348498831614," g__Plot4-2H12"
"ASV1029",1.30316284603273,-0.205524624393372,1.229637538248,1,1,1,0.192519171571322,0.837162261231692,0.218832866464738," g__Sphingopyxis"
"ASV1032",1.76797849274872,-0.205524624393368,1.35980609305486,1,1,1,0.0770644992412733,0.837162261231696,0.173891293756952," g__Novosphingobium"
"ASV10320",-1.69508900611149,2.87964943102525,-4.76264607037474,1,1,0.000641997869263381,0.0900585374688526,0.00398117582791613,1.91070794423625e-06," g__Candidatus_Solibacter"
"ASV10357",2.48315132724226,-0.20552462439337,4.99015570812382,1,1,0.000204520873621853,0.0130225752602268,0.837162261231694,6.03306411863874e-07," g__Vicinamibacteraceae"
"ASV10424",-1.31766548751561,2.13153525013117,-2.06325576109298,1,1,1,0.187615652661707,0.033045071621712,0.0390883347935943," g__Subgroup_13"
"ASV10436",-1.1669038050485,0.546554906643732,-0.324596148938752,1,1,1,0.243249219118127,0.58468455616125,0.745486742246006," g__Subgroup_12"
"ASV10877",0.666513263614328,1.32964536874264,-4.13942588117946,1,1,0.0111416341054923,0.505083088703459,0.183635142562471,3.48176065796636e-05," g__Subgroup_2"
"ASV1101",-0.202759663993611,2.50261816866375,-1.46353957215515,1,1,1,0.839322886481853,0.0123278463902297,0.143319793702712," o__Rhodospirillales"
"ASV11021",0.645101570723551,0.502692616370485,-3.06653061128122,1,1,0.589039481223399,0.518861366039624,0.615180401712461,0.0021655863280272," g__Candidatus_Koribacter"
"ASV11157",-0.805551184475232,2.04028392878176,-3.88573221537534,1,1,0.0315247726204392,0.42050168219619,0.041322054564364,0.000102021917865499," o__Acidobacteriales"
"ASV11426",-0.491771604847784,1.73566881845096,-3.42558050096279,1,1,0.176070798988133,0.622880812041327,0.0826224099632438,0.000613487104488268," g__Edaphobacter"
"ASV11477",-0.184502489997062,1.91120172257082,-3.60456804564761,1,1,0.0931764120261166,0.853619273955502,0.0559786626094119,0.000312672523577572," g__Granulicella"
"ASV11590",-0.161619244993746,1.66170320869451,-3.68525173832216,1,1,0.068543009552622,0.871605701247607,0.0965722974644402,0.00022847669850874," g__Acidipila"
"ASV11666",-0.799286992302888,1.84245440428753,-3.71742493568016,1,1,0.0605803915669595,0.424124019586703,0.0654087101307545,0.00020126375935867," g__Acidicapsa"
"ASV11668",-2.1885748559788,1.640886145812,-2.76386090331097,1,1,1,0.0286277550171571,0.100821051411877,0.00571218838340535," f__Acidobacteriaceae_(Subgroup_1)"
"ASV11683",-1.87600987727174,1.73832111260452,-3.95462361489872,1,1,0.0240857819986432,0.0606539236126697,0.0821542482645576,7.66552311887434e-05," g__Occallatibacter"
"ASV11742",-0.848521670078799,1.20568390055063,-1.69478124722079,1,1,1,0.396147509307682,0.227939394951016,0.0901169261915663," g__Terracidiphilus"
"ASV11769",1.27317916269234,-0.205524624393364,5.72284515253702,1,1,3.58261198133309e-06,0.202954472955058,0.837162261231699,1.04754736296289e-08," g__Subgroup_17"
"ASV11825",-0.905079503992575,-0.205524624393368,1.7828376617671,1,1,1,0.365423269519976,0.837162261231696,0.0746127330916203," f__Vicinamibacteraceae"
"ASV11919",0.870618316039652,2.59188939468962,1.66542817926173,1,1,1,0.383962592268783,0.00954504535011614,0.095827361329744," o__Vicinamibacterales"
"ASV11949",-1.66791616347682,0.952232622851796,-1.78706606830517,1,1,1,0.0953323705419402,0.340979019662239,0.073926810904264," g__Subgroup_5"
"ASV11982",-0.273007123387662,-0.205524624393375,3.56859157888503,1,1,0.10551818880864,0.784847739838547,0.83716226123169,0.000358905404111021," g__SJA-28"
"ASV12036",1.10884203790156,-0.509024851628984,2.06620713173275,1,1,1,0.267498331963599,0.610734804704226,0.0388089257473068," g__Kapabacteriales"
"ASV12045",0.110150346580898,-0.265411661763118,0.64375968891071,1,1,1,0.912290140248381,0.790692353430103,0.519731277494869," f__Gemmatimonadaceae"
"ASV12059",-0.520281269075454,-1.19860264998915,-0.713668149254113,1,1,1,0.602867549098507,0.230682487291298,0.475432405987866," g__Roseisolibacter"
"ASV12098",1.12959958083536,-0.634759209110457,2.50629932868287,1,1,1,0.258644987718363,0.525585470847227,0.0122002288254574," g__Gemmatimonas"
"ASV12129",4.53384122609523,-0.205524624393373,0.309223472384998,0.00195771541792917,1,1,5.79205744949459e-06,0.837162261231692,0.75715153990628," g__OLB12"
"ASV12143",6.90365709075376,-0.796860785931176,3.92869172788004,1.73834299067575e-09,1,0.0265622742168227,5.06805536640162e-12,0.425531887533596,8.54092418547354e-05," f__Microscillaceae"
"ASV1215",4.05088416447309,-0.205524624393368,3.49423227242656,0.0168380730043909,1,0.138349312315209,5.10244636496693e-05,0.837162261231696,0.00047542719008663," g__Dongia"
"ASV12181",2.45787926645518,-0.205524624393373,2.79678228947792,1,1,1,0.0139760150545606,0.837162261231692,0.00516142999767771," g__Chryseolinea"
"ASV12194",-0.905079503992575,-0.205524624393367,3.06056237144583,1,1,0.598697919084454,0.365423269519976,0.837162261231697,0.00220921741359577," g__Ohtaekwangia"
"ASV12203",0.0410846680168437,3.08200413031713,-2.06216750944868,1,0.688800147968018,1,0.967228397433698,0.00205611984468065,0.0391917908404258," o__Cytophagales"
"ASV12228",0.64110657675701,-0.547454899819541,3.58256584931853,1,1,0.100709800658706,0.521453441527622,0.584066246981948,0.00034023581303617," g__Flavobacterium"
"ASV12251",2.91815978645433,0.508832616996944,0.326873910098981,1,1,1,0.00352103869564234,0.610869554687509,0.743763254817708," g__env.OPS_17"
"ASV12290",0.0928892081394657,0.979849961679528,-0.510735602573524,1,1,1,0.925991579335305,0.327160185863186,0.609536207283554," o__Sphingobacteriales"
"ASV12297",2.80735847702119,-0.205524624393373,4.36577659400852,1,1,0.00415483823114194,0.0049949622374499,0.837162261231692,1.26671897290913e-05," g__KD3-93"
"ASV12325",-0.81689369794661,1.36046592563406,-2.23359277383344,1,1,1,0.413989179571051,0.173682528632039,0.0255098798250987," g__CWT_CU03-E12"
"ASV12375",0.958578545249906,-0.205524624393371,-1.08819058666093,1,1,1,0.337771105120207,0.837162261231693,0.276510979490334," g__LiUU-11-161"
"ASV12419",-0.589625424960038,1.75501186789259,-1.50342588599097,1,1,1,0.555441802247509,0.0792572777853475,0.132729255495756," g__37-13"
"ASV12495",2.81162033330937,1.70837946244302,-2.2977152232491,1,1,1,0.0049292648869068,0.0875659555032221,0.0215780025490914," o__Chitinophagales"
"ASV12531",3.73856985400966,-0.205524624393369,4.10201206103844,0.0605179134642375,1,0.0130653760827386,0.000185070071756078,0.837162261231695,4.09572917954188e-05," g__Terrimonas"
"ASV12545",-2.11654780680444,0.054751550022672,-2.68460777719702,1,1,1,0.0342982437558436,0.95633639994283,0.00726149667179212," g__Puia"
"ASV1261",-0.158658392191501,1.74138965047543,-3.09805494461311,1,1,0.531791195458637,0.873938021075479,0.0816153011049972,0.00194795309691808," g__Inquilinus"
"ASV12614",0.759644877906801,-0.205524624393375,0.594192711793701,1,1,1,0.447466885907385,0.83716226123169,0.55238322685967," g__Pseudoflavitalea"
"ASV12621",0.892662838854782,-0.205524624393374,1.81238293622122,1,1,1,0.372037756598249,0.837162261231691,0.0699270475943957," g__Flavitalea"
"ASV12644",-2.49871706309027,0.0430983959986423,-0.494772832005588,1,1,1,0.012464378249456,0.965623097920626,0.620760483857784," g__Dinghuibacter"
"ASV12647",-0.25647744008256,0.0136762863040078,1.83904912772147,1,1,1,0.797582198195885,0.989088242467295,0.0659079604981041," f__Chitinophagaceae"
"ASV12657",1.73405732849153,-0.205524624393374,-0.279645429655505,1,1,1,0.0829079117803247,0.837162261231691,0.77974954921704," g__Sediminibacterium"
"ASV12681",0.192289566122486,0.537403844300325,1.82881490482907,1,1,1,0.847515390923735,0.590988688448455,0.0674273413698325," g__Heliimonas"
"ASV127",-1.78133605147545,0.460787236575051,-1.42237304961477,1,1,1,0.0748575683105697,0.644951259732454,0.154917982597119," g__Nitrosotaleaceae"
"ASV12700",0.825567144496199,2.68591990685876,0.14849032421996,1,1,1,0.409049679320898,0.00723304249577021,0.881955821460298," g__Ferruginibacter"
"ASV12833",0.955282369935595,2.59313772957879,-1.49502415063178,1,1,1,0.339434920621325,0.0095104675594561,0.134908139375978," g__Edaphobaculum"
"ASV12873",-0.141336701051213,-0.205524624393371,0.652134986344276,1,1,1,0.887603957363282,0.837162261231694,0.514314095966093," g__Phaeodactylibacter"
"ASV12881",1.35342283636384,-0.205524624393369,4.18630787466637,1,1,0.00915797733761564,0.175920586016142,0.837162261231695,2.83528710142899e-05," f__Saprospiraceae"
"ASV12885",-0.242185447078128,-0.205524624393373,-0.133373677590064,1,1,1,0.80863647099526,0.837162261231692,0.893897861644947," f__Cyclobacteriaceae"
"ASV12890",-0.855988189928875,0.283937853723131,-1.81743840009002,1,1,1,0.392004312001793,0.776458006716554,0.0691500124229493," g__Sporocytophaga"
"ASV12905",0.636993387158531,-0.205524624393372,0.839882699488827,1,1,1,0.524129151020446,0.837162261231693,0.400974158705673," g__Dyadobacter"
"ASV12908",2.93571503644897,1.13831158756644,-0.411454596288774,1,1,1,0.00332779871567938,0.254990397117817,0.680739227550169," c__Bacteroidia"
"ASV12918",0.731515867580049,-0.20552462439337,1.68617383275111,1,1,1,0.464464116072177,0.837162261231694,0.091762322389319," g__Emticicia"
"ASV12923",0.642214994731972,0.47354544595628,1.14787011630485,1,1,1,0.520733598360277,0.635824086006793,0.251022186431252," f__Spirosomaceae"
"ASV12936",1.72176921596647,-0.205524624393372,5.32384288956512,1,1,3.46448039010107e-05,0.0851113331839479,0.837162261231693,1.01597665398858e-07," g__CCD24"
"ASV12949",-0.905079503992573,-0.20552462439337,0.832381569257419,1,1,1,0.365423269519976,0.837162261231694,0.40519360190304," g__Ga0077536"
"ASV12961",-0.786763529350167,4.75854357879543,-5.07139790999438,1,0.000668832154453263,0.000134267392005296,0.431420306750877,1.94994797216695e-06,3.94904094133222e-07," g__WD260"
"ASV12986",0.259156067078775,-0.205524624393367,2.30575617222478,1,1,1,0.795514826729321,0.837162261231696,0.0211242604367725," f__Steroidobacteraceae"
"ASV12994",2.85126432564492,1.88606608402659,0.262846229605384,1,1,1,0.00435457535732703,0.0592860499927127,0.792669101863124," g__Steroidobacter"
"ASV13016",-1.25889387438869,2.22066786847108,-1.96807308458334,1,1,1,0.20806866668189,0.0263734652791144,0.0490596292180821," c__Gammaproteobacteria"
"ASV13042",-0.50712505937105,1.95599406058508,-0.88461228977482,1,1,1,0.612067073030329,0.0504658537764088,0.376365775967286," g__Acidibacter"
"ASV1311",-0.443935777292147,1.51546258930403,-1.01212430521754,1,1,1,0.657089016974181,0.129655297432297,0.311478622558614," f__Elsteraceae"
"ASV13158",-2.53269604628236,2.00302153482061,-2.29209227965423,1,1,1,0.0113189055064452,0.0451749770768025,0.0219003188070159," g__JG36-TzT-191"
"ASV1318",0.56958409011976,0.747412871077862,2.65811323831768,1,1,1,0.56895982182952,0.454814378399694,0.00785794853313102," f__Azospirillaceae"
"ASV13193",4.09431005711002,-0.205524624393368,4.1799944630236,0.0140154459210076,1,0.0093868214400299,4.23427369214731e-05,0.837162261231696,2.91516193789749e-05," g__R7C24"
"ASV13213",1.86797825000634,-0.205524624393371,2.09304417675231,1,1,1,0.0617651026496248,0.837162261231694,0.0363452111819685," g__SC-I-84"
"ASV13224",-1.86632679031075,-0.322410501257551,-0.923069155541221,1,1,1,0.0619956588155998,0.747141729777058,0.355971167356297," g__Rhodanobacter"
"ASV13230",0.952088913572096,-0.205524624393371,-1.10517443518474,1,1,1,0.341051891040897,0.837162261231693,0.269084012053003," g__Rudaea"
"ASV13250",-1.39271886735288,1.65573741937121,-0.832887500404799,1,1,1,0.163704820887113,0.0977750059406891,0.404908179814393," g__Dyella"
"ASV13254",-3.40051533528538,1.82507439176211,-1.35168180052888,0.216573861293446,1,1,0.000672589631346105,0.0679898040024124,0.176477129545526," f__Xanthomonadaceae"
"ASV13265",1.55827951733364,-0.205524624393375,-0.204216828727689,1,1,1,0.119167002247468,0.837162261231691,0.838184061043479," g__Pseudoxanthomonas"
"ASV13266",-0.0225238671325542,-0.205524624393368,0.286542314736983,1,1,1,0.98203007360913,0.837162261231695,0.774462788982591," g__Lysobacter"
"ASV13267",1.01526463161012,-0.720934864329346,0.989375802592043,1,1,1,0.309979699090923,0.470949590992814,0.322479308936149," f__Rhodanobacteraceae"
"ASV13269",1.35557720007201,-0.205524624393375,-0.924785605290129,1,1,1,0.175233730227872,0.83716226123169,0.355077439726235," g__Dokdonella"
"ASV13270",2.15042354836997,-0.205524624393368,0.843395140233391,1,1,1,0.0315217273215277,0.837162261231696,0.399007488962898," g__Tahibacter"
"ASV13275",0.930773267680701,-0.205524624393371,2.46687513600298,1,1,1,0.351970860536074,0.837162261231693,0.0136297876521916," g__Arenimonas"
"ASV13279",0.191397075476557,-0.220877520583895,1.47579495311397,1,1,1,0.84821451114539,0.825187801128005,0.139998946017431," f__Solimonadaceae"
"ASV13288",1.35940121839237,-0.20552462439337,0.875240773517675,1,1,1,0.174019485245036,0.837162261231694,0.381442912227495," g__Alkanibacter"
"ASV13295",-0.168296142992974,2.07792714198772,-3.18970639995527,1,1,0.395920372370038,0.866350308033034,0.0377160701922981,0.00142417400133107," g__Nevskia"
"ASV1330",0.443233265115664,0.816896066882223,-1.78472442945427,1,1,1,0.657597020176452,0.413987825669085,0.0743060263698908," g__Aliidongia"
"ASV13338",-3.63634616075156,0.855877185083686,-0.508803638229288,0.0895965838976831,1,1,0.000276532666350874,0.392065715825905,0.610889868968095," g__Candidatus_Endonucleariobacter"
"ASV13343",-1.66804710621656,-1.99457740619777,2.54303172067854,1,1,1,0.0953063759787538,0.0460889898309851,0.0109895251958384," g__Coxiella"
"ASV13359",-2.51424377818993,-1.22934348231809,0.714058036019933,1,1,1,0.0119287946285169,0.218943050848528,0.475191293220207," g__Candidatus_Berkiella"
"ASV13405",-0.705099368638813,1.47851055432871,-1.31312581622577,1,1,1,0.48074839942367,0.139271174221904,0.189140555995327," g__Rickettsiella"
"ASV13605",-0.0472359907097245,1.99198301634163,-2.99294566030267,1,1,0.74048115720929,0.962325143086386,0.0463729213633709,0.00276298939257198," g__Legionella"
"ASV13653",0.780483192677806,0.465677217943017,-2.26866922719616,1,1,1,0.435106516701001,0.641446561887592,0.0232884483001297," g__Candidatus_Ovatusbacter"
"ASV13658",-2.04978873753444,1.80217784702885,-1.25378880444166,1,1,1,0.0403850511204277,0.071517428913222,0.209918779551939," g__Unknown_Family"
"ASV13669",0.988503917214911,0.508915658484495,-0.907403223048774,1,1,1,0.322905916949647,0.610811343792538,0.364193605661417," g__Pseudomonas"
"ASV13675",0.918381424186268,-0.205524624393372,1.11690235500001,1,1,1,0.358419212300504,0.837162261231692,0.264036077596452," g__BIyi10"
"ASV13681",-0.030512942962364,2.73584808591353,-3.88885034165706,1,1,0.0312232618610137,0.975657971196754,0.00622197424181867,0.000100720199551657," g__Escherichia-Shigella"
"ASV1417",0.606324703934706,1.19690231653554,-1.65733842358419,1,1,1,0.544299157267173,0.231344631158323,0.0974510730925621," g__URHD0088"
"ASV146",-2.14893220314915,-0.918943133198817,-0.521193587104503,1,1,1,0.0316397746133773,0.358125317348113,0.602231921069036," f__Neisseriaceae"
"ASV1644",-0.170932298374774,1.93736204262333,-3.0505161178199,1,1,0.616810729579301,0.864276999958809,0.0527011030966253,0.00228448418362704," o__Elsterales"
"ASV1788",2.27286697515521,-0.205524624393361,4.49402356709936,1,1,0.00232034429905749,0.023034197476442,0.837162261231701,6.9889888525828e-06," f__Reyranellaceae"
"ASV1808",2.09183992894317,2.01180904587774,-0.420185358210582,1,1,1,0.0364528371982461,0.0442400700237171,0.674350050097179," g__Reyranella"
"ASV1871",1.51423498391988,0.975099302890557,-0.416224515916262,1,1,1,0.129966251750367,0.329511004392678,0.677245721860037," f__Rhodospirillaceae"
"ASV1887",-0.468721065383632,1.69149441702903,-2.54929281917302,1,1,1,0.639269027662408,0.0907424131876883,0.0107941625843667," f__Magnetospirillaceae"
"ASV1895",-0.0166356187605576,1.89774228323369,-2.65221888088617,1,1,1,0.986727308823563,0.0577300396181928,0.00799646854540545," g__Telmatospirillum"
"ASV1903",1.48420776498438,-0.205524624393371,0.555908460112355,1,1,1,0.137753810433824,0.837162261231693,0.578273434469771," o__Zavarziniales"
"ASV1904",1.25925223519477,-0.205524624393377,0.191966557600142,1,1,1,0.207939239750057,0.837162261231688,0.8477684013643," f__Magnetospiraceae"
"ASV1952",-0.382410599432527,1.58221973505075,-2.85844095721658,1,1,1,0.702156829544509,0.11359941663483,0.00425728327608021," g__Acidocella"
"ASV2001",0.869696874222402,-0.205524624393373,0.725617080407421,1,1,1,0.384466080911143,0.837162261231692,0.468073547206536," g__Roseococcus"
"ASV2015",-2.00577595582968,1.73897047629511,-1.30968526081555,1,1,1,0.0448801570841785,0.082039956212853,0.190302331769," g__Acidisoma"
"ASV2123",-0.145090887083258,0.171268926203384,-0.817852696816052,1,1,1,0.884639113208717,0.864012312722937,0.413441303530094," g__Rhodopila"
"ASV2197",-0.462623327030141,3.77404999634707,-1.8909909652414,1,0.0542890698166121,1,0.64363438511949,0.00016061854975329,0.0586255502850129," g__Acetobacteraceae"
"ASV220",-0.927808092052263,2.83083964037839,-2.66142847007672,1,1,1,0.353507125739198,0.004642599090893,0.00778098715270761," f__Oxalobacteraceae"
"ASV2237",1.35535604116295,0.580668300344709,1.47901328496939,1,1,1,0.175304147970538,0.561464030218015,0.13913676422952," g__Rhodovastum"
"ASV2267",-1.58275937967242,2.97031983913129,-3.86850144239527,1,0.990641174229733,0.0336184306479486,0.113476318376961,0.00297489842111031,0.000109506288755533," f__Acetobacteraceae"
"ASV228",1.81158027246977,-0.205524624393369,1.16438667236087,1,1,1,0.0700510754183606,0.837162261231695,0.244267346217267," g__Massilia"
"ASV2284",-1.10149522958844,2.20439146589284,-2.96887449052817,1,1,0.79505445097959,0.270681179559681,0.0274968253352486,0.00298892650744207," g__Acidiphilium"
"ASV2285",-0.691450841591453,0.275226358494948,0.154952631424739,1,1,1,0.489282263148269,0.783142337507852,0.87685866080516," g__Acidisphaera"
"ASV2286",-2.07157888343679,0.725301232855361,-1.43156408458779,1,1,1,0.0383047309030514,0.468267249578987,0.152268614391922," f__Holosporaceae"
"ASV2299",0.188822536037579,-0.135116662744223,-1.39278004508427,1,1,1,0.850231908357078,0.892519636024867,0.163686314491511," g__Candidatus_Captivus"
"ASV2306",-1.95247870406009,0.596507564301369,-2.03921807326111,1,1,1,0.0508813969051728,0.550836202088737,0.0414282679120481," g__Candidatus_Paracaedibacter"
"ASV2329",0.0435667048038443,0.486263350078668,-1.92766224296222,1,1,1,0.965249792203177,0.626780460744678,0.0538971513596282," f__Paracaedibacteraceae"
"ASV2333",-2.14015752690968,-1.63508800619438,0.129726594166779,1,1,1,0.0323420383357329,0.102030600075534,0.896782741255556," g__Candidatus_Finniella"
"ASV2338",-4.10932682597209,1.41577696958249,-2.5817133881242,0.0131742298811766,1,1,3.96814153047488e-05,0.156840814563497,0.00983111932060837,"d__Bacteria"
"ASV235",4.4095890774396,-0.205524624393371,3.76855694062623,0.00347984957750411,1,0.0497507919795019,1.03566951711432e-05,0.837162261231694,0.00016419403293565," g__Ellin6067"
"ASV2382",-0.138937258963095,0.212132389238063,-0.682538890836658,1,1,1,0.889499728091607,0.832003751717547,0.494898259877237," g__Rickettsia"
"ASV2393",-0.364327078382481,1.41670345714317,-1.94873808004446,1,1,1,0.715613781690861,0.156569645864739,0.0513267117100029," f__Rickettsiaceae"
"ASV2399",1.40973721303425,0.619252560170942,-2.25991361148471,1,1,1,0.158617292232302,0.535749991336951,0.0238266129656173," o__Rickettsiales"
"ASV2489",-1.08616087188912,0.855101704151925,-0.173491683166673,1,1,1,0.27740782507524,0.392494846270647,0.862264964629105," g__SM2D12"
"ASV2595",0.709701979519446,-0.205524624393367,3.26497074591448,1,1,0.306531071109148,0.477888964361038,0.837162261231696,0.00109475382538981," o__Micavibrionales"
"ASV2604",1.00004260289487,0.215910386023321,-1.24563725537493,1,1,1,0.317289890995414,0.829057601164782,0.21289759837218," f__Micavibrionaceae"
"ASV262",1.75374244948255,-0.205524624393372,2.53820625335158,1,1,1,0.0794746482936532,0.837162261231693,0.0111422296506523," f__Nitrosomonadaceae"
"ASV2684",0.352696951282038,-0.205524624393371,4.51322200664774,1,1,0.00212620912866503,0.724315645195569,0.837162261231694,6.38501239839348e-06," g__Rhodoplanes"
"ASV275",1.10607666854345,-0.205524624393369,3.09926118710533,1,1,0.531570711796844,0.268693336306316,0.837162261231695,0.00194003909414907," g__GOUTA6"
"ASV2780",-0.323848056623113,1.81241699817103,-1.64677827359205,1,1,1,0.746053071158846,0.0699217883216985,0.0996036286570673," f__Xanthobacteraceae"
"ASV2826",1.89963139757876,-0.205524624393359,3.36834031792519,1,1,0.215523236925445,0.0574815088698966,0.837162261231703,0.00075622188394893," g__Pseudolabrys"
"ASV2872",4.55112421834119,-0.205524624393369,1.73799124948059,0.00180890507648414,1,1,5.33600317546944e-06,0.837162261231695,0.0822123556629162," g__Afipia"
"ASV2893",-0.300206923136701,0.320934442483338,-2.30719244893334,1,1,1,0.764019324595956,0.748260072101766,0.0210440938687006," f__Beijerinckiaceae"
"ASV2894",-0.905079503992574,-0.205524624393368,1.34662149369549,1,1,1,0.365423269519976,0.837162261231696,0.178102168129511," g__WC3-116"
"ASV290",0.503161178692688,0.363193315820613,-0.248550143885134,1,1,1,0.614850956512894,0.716460480421687,0.803708777735017," g__A21b"
"ASV2907",-1.47130900655835,4.23903917354776,-4.16065399127274,1,0.00767716431237489,0.0101865356590347,0.141207568701098,2.24478488665932e-05,3.17337559471485e-05," g__Roseiarcus"
"ASV2945",-0.544307672366021,-0.556564035151045,-1.1013810504696,1,1,1,0.58622976813992,0.577825331958721,0.270730849210179," g__Methylovirgula"
"ASV2981",2.01566502413509,-0.205524624393366,3.54070757325957,1,1,0.116524234728579,0.0438350153179044,0.837162261231698,0.000399055598385546," g__Bauldia"
"ASV2986",1.89058237632208,-0.205524624393373,1.8864697143576,1,1,1,0.058680114655329,0.837162261231692,0.0592316858493176," o__Rhizobiales"
"ASV3001",-0.223428751739451,1.75926508551183,-2.50507115711685,1,1,1,0.82320182920047,0.0785324939371237,0.0122426760496917," g__Bradyrhizobium"
"ASV303",2.98475164863585,-0.205524624393369,3.83641613895884,0.893997236653116,1,0.0382018964485628,0.00283808646556545,0.837162261231695,0.000124842798851513," g__IS-44"
"ASV3034",0.924206205454899,-0.205524624393363,3.94971219835214,1,1,0.0244907530948109,0.355378965382138,0.8371622612317,7.82452175553064e-05," g__Hyphomicrobium"
"ASV3051",1.01777701878207,-0.205524624393371,2.93241047422114,1,1,0.891305978451999,0.308783935789087,0.837162261231693,0.00336341878661132," g__Pedomicrobium"
"ASV3057",0.0444728091769936,-0.205524624393374,1.57357871388237,1,1,1,0.964527525659185,0.837162261231691,0.11558487751279," f__Hyphomicrobiaceae"
"ASV3064",2.49356872305069,-0.205524624393374,4.96581222759115,1,1,0.000231239746418942,0.0126466100255865,0.837162261231691,6.84141261594503e-07," f__Rhizobiales_Incertae_Sedis"
"ASV3071",3.2159154368137,0.637076897480283,-0.14508600706749,0.416093251727116,1,1,0.00130029141164724,0.524074756033444,0.884642966130517," g__KF-JG30-B3"
"ASV318",3.71321502251978,0.616114239903629,0.803406270905788,0.06650893448229,1,1,0.000204642875330123,0.537819124405894,0.421739951677961," g__AAP99"
"ASV3210",-0.261683481470923,0.913984785832062,-0.337468871606758,1,1,1,0.793565476754799,0.360724840127631,0.735763474120728," f__Micropepsaceae"
"ASV3250",0.839415815320868,-0.205524624393372,2.18769832087223,1,1,1,0.401236011999446,0.837162261231693,0.0286915844657475," g__Sphingobium"
"ASV3257",3.16133616685717,-0.205524624393372,3.55107217158946,0.499409894193619,1,0.112413901825161,0.00157047136538874,0.837162261231692,0.00038366519394253," g__Devosia"
"ASV3271",1.96644458839827,0.232277302031443,2.84106038126942,1,1,1,0.0492472771644805,0.816322640729275,0.00449637980918876," f__Devosiaceae"
"ASV3291",-2.22995473019804,-0.764514231884672,-0.314988000348665,1,1,1,0.0257504483933331,0.444560858826497,0.752770764802746," g__Phreatobacter"
"ASV3311",0.84397705812915,-0.205524624393368,0.647462956965047,1,1,1,0.398682225700845,0.837162261231695,0.517332361391628," g__Allorhizobium-Neorhizobium-Pararhizobium-Rhizobium"
"ASV3329",2.45521864738357,-0.205524624393372,1.50736922912269,1,1,1,0.0140798920903934,0.837162261231693,0.131716041513924," g__Asticcacaulis"
"ASV3332",-0.905079503992574,-0.205524624393365,2.03248201844474,1,1,1,0.365423269519976,0.837162261231698,0.0421048823409984," g__Brevundimonas"
"ASV336",1.89886521325914,-0.205524624393371,3.47970873607732,1,1,0.14556815995194,0.0575822001713544,0.837162261231693,0.000501959172248068," g__MND1"
"ASV3368",-0.600926044630031,3.24840928410699,-1.42600407503215,1,0.389935417253714,1,0.54788924530415,0.00116052207515986,0.153867165789006," f__Caulobacteraceae"
"ASV3456",-1.70054622239076,1.68695040975744,0.224886229174246,1,1,1,0.0890282297862869,0.0916128878238252,0.822067782450679," g__Phenylobacterium"
"ASV3523",1.62642154382471,1.29659806432275,2.18581044835533,1,1,1,0.103860010876823,0.19476951883465,0.0288294760370689," g__Caulobacter"
"ASV3582",5.26506817058358,-0.205524624393371,3.28228904977139,4.79269727591846e-05,1,0.290369749674432,1.40137347249078e-07,0.837162261231694,0.00102967996338451," g__Hirschia"
"ASV3607",0.0144999435567864,-0.205524624393368,3.88145186828569,1,1,0.0319810889672984,0.988431124294478,0.837162261231696,0.00010383470443928," g__SWB02"
"ASV3615",-0.116236404174702,-0.205524624393368,1.92320176718492,1,1,1,0.907465185923333,0.837162261231695,0.054454715420677," g__Mesorhizobium"
"ASV3616",2.47857515976969,-0.20552462439337,2.27681496249555,1,1,1,0.0131908316690736,0.837162261231694,0.0227972776412143," f__Rhizobiaceae"
"ASV3622",0.849518880773242,1.93905354385522,-2.34810793639771,1,1,1,0.395592628684187,0.052494818661883,0.018869052434605," c__Alphaproteobacteria"
"ASV3655",2.38529703817401,-0.205524624393359,7.0874893207486,1,1,4.68424253316669e-10,0.017065336056244,0.837162261231703,1.36566837701653e-12," g__A0839"
"ASV3657",1.60924467770637,-0.205524624393367,2.63347202175354,1,1,1,0.107562850638741,0.837162261231696,0.00845167986279174," g__Pseudorhodobacter"
"ASV3660",1.84739627738003,-0.205524624393373,0.379208408586324,1,1,1,0.064689728331385,0.837162261231692,0.704533107924363," f__Rhodobacteraceae"
"ASV367",2.35261081870778,2.10502038607688,-0.421343067790325,1,1,1,0.0186421339505829,0.0352895335475946,0.673504585604414," g__TRA3-20"
"ASV3717",-0.554714283944754,1.94807916174543,-0.811760521332002,1,1,1,0.579090104450936,0.0514054917898097,0.416929059227765," o__Gaiellales"
"ASV3731",0.0847297215069975,3.67821371345147,-2.60442070541705,1,0.0791522431365846,1,0.932476266579121,0.000234873125034376,0.00920297134954409," g__67-14"
"ASV3737",-2.0649808635732,0.698773465826593,-1.3447223859926,1,1,1,0.0389248109872103,0.484693613413534,0.178714902619006," o__Solirubrobacterales"
"ASV3745",-1.91489775565495,0.48275379571562,-3.33052457712116,1,1,0.245311506295516,0.0555055441058573,0.629270561175534,0.000866825110584863," f__Solirubrobacteraceae"
"ASV3784",-0.904509534595854,0.558404451912371,-1.21804582804778,1,1,1,0.365725280916425,0.576568233498731,0.22320655803875," g__Conexibacter"
"ASV3802",-0.252350301677173,-0.205524624393371,0.359169601827373,1,1,1,0.800770310736077,0.837162261231693,0.719468215689057," g__Solirubrobacteraceae"
"ASV381",-0.472086628487362,1.30211262013043,-1.0248119275979,1,1,1,0.636864956349034,0.192877889624459,0.305451937320807," o__Burkholderiales"
"ASV3822",-1.85227438825924,2.16950481718963,-2.11619496504613,1,1,1,0.0639864315419092,0.030044379037176,0.0343282292705966," g__KD3-10"
"ASV3829",1.36572456177265,1.55095974016099,-0.497628884063106,1,1,1,0.172025432059714,0.120911332376883,0.618745641380821," g__Blfdi19"
"ASV3849",-1.34227043482825,0.7748510367497,-1.23219353918881,1,1,1,0.179508325960172,0.438427687459557,0.217876796170932," g__27F-1492R"
"ASV3868",-2.47465960055167,-0.769669248958644,1.24022877933751,1,1,1,0.0133363218415222,0.441496115715685,0.214890786494258," g__P3OB-42"
"ASV3890",-1.36907998693858,0.491469433419499,-1.07491826584484,1,1,1,0.170974273386684,0.623094466018378,0.282411323345992," f__Myxococcaceae"
"ASV3918",0.251724868361555,0.916714141562655,-3.23958204033979,1,1,0.333977018353823,0.801253733652773,0.359292453731402,0.00119705024499578," g__Anaeromyxobacter"
"ASV3947",2.56209595372519,1.07916357531954,1.05627661135777,1,1,1,0.0104042569152562,0.2805148141792,0.29084185826264," g__Haliangium"
"ASV3957",0.644737839964011,-0.205524624393371,2.33024852352422,1,1,1,0.519097090092474,0.837162261231694,0.0197930197141475," g__Nannocystis"
"ASV4024",0.365687233120199,-1.3527734286148,0.569857369247571,1,1,1,0.714598473767073,0.176128023948983,0.568774441136767," g__mle1-27"
"ASV4064",-1.85840978276197,2.10283447412945,-2.60497404191751,1,1,1,0.0631108441120141,0.0354802413452999,0.00918812207764993," g__Pajaroellobacter"
"ASV407",-0.682200406755022,2.11406048591441,-2.51842163918819,1,1,1,0.495112237520979,0.034510101533546,0.0117882110683404," g__Burkholderia-Caballeronia-Paraburkholderia"
"ASV4162",3.350442627873,-0.205524624393367,4.39615984911221,0.258990892692273,1,0.0036250143205817,0.000806825210879354,0.837162261231697,1.10182806096708e-05," g__BIrii41"
"ASV4168",3.8303608301064,-0.205524624393377,-2.37630566754425,0.04196939962019,1,1,0.000127955486646921,0.837162261231689,0.0174869699591332," g__Phaselicystis"
"ASV4178",0.484339958900189,0.590101702895047,0.148412839633827,1,1,1,0.628144621691216,0.555122467247005,0.882016967722733," o__Polyangiales"
"ASV4189",-0.260895607391714,0.932064928193657,-1.86143443890456,1,1,1,0.794173012363944,0.351302971691674,0.062682850980424," f__Polyangiaceae"
"ASV4206",4.98017570349086,-0.205524624393373,3.46267765478375,0.000216625607393841,1,0.154565497377418,6.35265710832378e-07,0.837162261231692,0.000534828710648506," f__Sandaracinaceae"
"ASV4228",1.19749876877804,-0.205524624393371,0.0950509060225919,1,1,1,0.231112207165366,0.837162261231693,0.92427439276186," g__Sandaracinus"
"ASV423",-0.108128922527993,2.02956807802169,-2.73881080048542,1,1,1,0.913893425792642,0.042400462457276,0.00616618472428514," g__Pandoraea"
"ASV4307",-0.0633492629600866,0.838788262053557,-3.8134724543002,1,1,0.0416564525560143,0.949488388339841,0.401588138709435,0.000137027804460573," g__RCP2-54"
"ASV4352",-0.0801123181209017,-0.205524624393369,0.960181642064689,1,1,1,0.936147925794697,0.837162261231695,0.336963804508951," p__Desulfobacterota"
"ASV4354",0.478906780598086,-0.205524624393371,1.17664013411232,1,1,1,0.632004946984989,0.837162261231693,0.239339171704163," g__PB19"
"ASV4363",1.35961156218307,-0.205524624393366,1.35556493852115,1,1,1,0.173952877349174,0.837162261231697,0.175237633794308," g__OM27_clade"
"ASV44",-0.832999971329558,-1.25888611314982,-0.437949084179699,1,1,1,0.404844745449013,0.208071470406101,0.661423193021682," c__Thermoplasmata"
"ASV4468",-0.924455893323598,1.8082316001378,-4.46022672758507,1,1,0.00270999606531141,0.355249005433557,0.0705704623762618,8.18729929097102e-06," g__0319-6G20"
"ASV448",0.0144999435567891,-0.205524624393369,1.99118866555255,1,1,1,0.988431124294476,0.837162261231695,0.0464601494879026," g__Polaromonas"
"ASV453",1.62830245060496,-0.205524624393371,2.15469922992861,1,1,1,0.103460770124262,0.837162261231694,0.0311853781081869," g__Variovorax"
"ASV4570",-0.00789182980832862,2.219088840121,-3.14965701731846,1,1,0.449521167125914,0.99370329620033,0.0264806811267388,0.00163462242591242," g__Bdellovibrio"
"ASV4670",-1.33135566511383,0.990417970407213,-2.56844334220013,1,1,1,0.183072010100419,0.32196986542067,0.0102156410334232," g__Silvanigrella"
"ASV4685",0.0468043481373551,-0.205524624393371,1.15212109102809,1,1,1,0.962669163520962,0.837162261231694,0.249271317408281," g__Oligoflexus"
"ASV4711",0.847573617376352,0.657090816811076,-2.21111911147269,1,1,1,0.396675472372272,0.511122523304778,0.0270275898382982," g__UBA12409"
"ASV4731",-1.2842392429469,1.11215980061485,-2.47990251673362,1,1,1,0.199058258130599,0.266069448588443,0.0131418306343113," g__Vermiphilaceae"
"ASV4743",-0.0719111056996447,-0.743967491645821,-1.1410342736537,1,1,1,0.942672651863096,0.456896142257278,0.253855660612151," g__Babeliales"
"ASV475",2.59985076937852,-0.20552462439337,4.86392779193309,1,1,0.00038781592869073,0.00932643082387797,0.837162261231694,1.15078910590721e-06," g__Rhodoferax"
"ASV4776",0.7987402706963,-0.205524624393376,0.678071368826654,1,1,1,0.424441030746653,0.83716226123169,0.497726443172886," g__Nocardioides"
"ASV479",4.34353442800955,1.05813883460157,1.99461370193538,0.00469698451166831,1,1,1.40208492885621e-05,0.289992151822849,0.046085028012044," f__Comamonadaceae"
"ASV4794",0.100690212588575,-0.205524624393368,1.60033539743387,1,1,1,0.919796381108899,0.837162261231696,0.109524198234542," g__Ilumatobacter"
"ASV4796",1.7958053333767,-0.20552462439337,4.32835959535559,1,1,0.00491232652436882,0.072525482228286,0.837162261231694,1.50224052732992e-05," g__CL500-29_marine_group"
"ASV491",-3.19306881250682,-0.765862728991316,0.157823653123082,0.449054375701802,1,1,0.00140769396771725,0.443757984732106,0.874595759743601," g__Undibacterium"
"ASV4917",-0.302602658583922,1.35751082190613,-2.12530201877612,1,1,1,0.762192688154029,0.174618957240983,0.0335614199406269," g__IMCC26256"
"ASV4939",1.16362151805986,-0.205524624393369,3.82258119978862,1,1,0.0402789007289236,0.24457742717065,0.837162261231695,0.000132061969603028," g__Iamia"
"ASV4941",-0.905079503992573,-0.20552462439337,1.39571703694703,1,1,1,0.365423269519976,0.837162261231694,0.162799721825575," f__Microtrichaceae"
"ASV4945",0.628268802562962,-0.205524624393372,0.780287866227208,1,1,1,0.529827865104729,0.837162261231692,0.435221453238004," f__Ilumatobacteraceae"
"ASV495",-0.0342821316760588,2.01644539707926,-2.17915972442139,1,1,1,0.972652173351031,0.0437534224905561,0.0293198047440728," g__Chitinimonas"
"ASV4955",-1.3774070263672,0.594150390130348,-2.85757923364341,1,1,1,0.168386441736049,0.552411530426194,0.00426886041713049," c__Acidimicrobiia"
"ASV4967",3.1187366059681,0.986528430654141,2.01622132275019,0.575761543960445,1,1,0.00181628247306134,0.323873870937858,0.0437768377135843," f__Microbacteriaceae"
"ASV5049",-1.34514710535519,1.32417258252015,-2.45538419105305,1,1,1,0.178577733783112,0.185445734325738,0.0140734090399475," g__Acidothermus"
"ASV5082",0.26583996636495,0.910304023440325,-2.97023512358308,1,1,0.794516968370377,0.79036246162655,0.362662197271751,0.00297571898266059," g__Mycobacterium"
"ASV5090",3.72746990426037,-0.205524624393368,2.21496343179609,0.063052197268001,1,1,0.000193411648061353,0.837162261231696,0.0267625746046528," g__Dactylosporangium"
"ASV5107",-0.97238346967252,2.12709234309774,-1.987565073428,1,1,1,0.330859812458649,0.0334124113500546,0.0468598122966429," g__Actinospica"
"ASV5119",2.47196278883608,-0.205524624393372,-0.94542540428339,1,1,1,0.0134373502322165,0.837162261231692,0.344441737592315," g__Jatrophihabitans"
"ASV5126",-1.33925502720804,-1.95464839329277,-0.093707370149342,1,1,1,0.180487664022209,0.0506245851988968,0.925341615510364," g__Streptacidiphilus"
"ASV513",-0.30052645088004,-0.205524624393367,1.64901760979599,1,1,1,0.763775623447351,0.837162261231696,0.0991440270897726," g__PLTA13"
"ASV5135",4.1377585913293,-0.205524624393375,-1.38629345252106,0.0116788122997509,1,1,3.50715084076604e-05,0.83716226123169,0.165657315333061," g__Cytophaga"
"ASV5139",-0.473536168257738,-0.205524624393369,2.0878899087829,1,1,1,0.6358307034013,0.837162261231695,0.036807766673621," g__NS9_marine_group"
"ASV5198",0.171995501302113,0.597567440018394,-0.0362087738866366,1,1,1,0.863441065737043,0.550128595226684,0.971115890028673," g__Mucilaginibacter"
"ASV5244",-0.0225238671325553,-0.205524624393365,2.55619394710847,1,1,1,0.98203007360913,0.837162261231698,0.0105824117338181," f__Sphingobacteriaceae"
"ASV5263",3.46516376823703,-0.205524624393371,1.19116769657678,0.17116050478402,1,1,0.000529908683541856,0.837162261231693,0.233587758246047," g__NS11-12_marine_group"
"ASV5280",1.8785069062113,1.17619285792668,-2.59718013276341,1,1,1,0.0603118531837506,0.239517817854085,0.00939926179102717," g__FFCH9454"
"ASV5281",1.14998472340602,0.388519898681664,1.86885705764576,1,1,1,0.250150163339096,0.697631331339738,0.0616427041029511," g__AKYH767"
"ASV5298",-0.0230458793621904,-0.98976850243862,0.637595303886919,1,1,1,0.981613676215756,0.322287283528343,0.523737153424188," g__Paenibacillus"
"ASV5364",2.49912873763645,-0.205524624393373,0.16520366249971,1,1,1,0.0124499074331296,0.837162261231691,0.86878368261889," g__C0119"
"ASV5373",1.3949312100882,0.141063230657918,-2.27539589757732,1,1,1,0.163036584479457,0.8878199908213,0.0228821912573703," g__Saccharimonadales"
"ASV5394",-1.31987336846046,-0.888789388962422,0.609799736531073,1,1,1,0.186877300509776,0.374116279645781,0.541994476070029," p__Patescibacteria"
"ASV5403",1.07402913261739,-0.205524624393374,-0.49437825046313,1,1,1,0.282809624693648,0.837162261231691,0.621039071297466," g__Berkelbacteria"
"ASV5407",-0.362319843217806,-0.712199487697505,-0.0603603200759999,1,1,1,0.717113031368785,0.4763412541553,0.951868660997916," g__Lineage_IIb"
"ASV5448",-1.39495526015025,-1.6518047480475,3.18022082245066,1,1,0.407641130818673,0.163029331495899,0.0985743604725411,0.00147162863111434," g__Lineage_IIa"
"ASV5542",-0.909570775616216,2.40110171340457,-1.87171412547507,1,1,1,0.363048916665146,0.0163457923297375,0.0612461642517943," g__Lineage_IV"
"ASV5572",2.63583476115817,-0.205524624393369,2.2981061353632,1,1,1,0.00839305916889997,0.837162261231695,0.0215557491516232," g__possible_genus_04"
"ASV5581",-0.225293647948594,-1.69252122302461,3.95522454988527,1,1,0.0240857819986432,0.821750840864354,0.0905466370629358,7.64627999956926e-05," f__Fibrobacteraceae"
"ASV5587",0.598874809217231,0.394011943643486,-1.03464823710552,1,1,1,0.549256371030604,0.693572221301804,0.300833218015413," g__AD3"
"ASV5642",-1.53477788313206,-0.718595323496102,0.173646412751912,1,1,1,0.124838397274981,0.472390295632822,0.862143353982364," p__Chloroflexi"
"ASV565",-4.60410118610703,-1.15043523337025,-0.837826157433982,0.00140845349730611,1,1,4.14251028619444e-06,0.249964655461522,0.402128345679404," g__Aquicella"
"ASV5686",-0.905079503992575,-0.205524624393371,1.65535642563285,1,1,1,0.365423269519976,0.837162261231693,0.0978522194005076," g__S085"
"ASV5702",0.700871927859156,-0.205524624393367,2.88326724674923,1,1,1,0.483382944849569,0.837162261231696,0.00393573380543911," f__Anaerolineaceae"
"ASV5751",-0.457751270720353,-0.205524624393372,1.1175240086541,1,1,1,0.647131148460478,0.837162261231692,0.263770340060167," g__RBG-13-54-9"
"ASV5775",4.21486943095575,-0.205524624393375,3.02340503311126,0.0083474194331422,1,0.672358678643987,2.49922737519227e-05,0.83716226123169,0.00249947464179921," g__A4b"
"ASV5850",0.639566828342951,-0.205524624393371,0.0101980720246079,1,1,1,0.522454253935792,0.837162261231693,0.991863256819649," g__SBR1031"
"ASV5858",0.160981585471366,-0.205524624393372,0.468107642780456,1,1,1,0.872107904134797,0.837162261231692,0.63970761402022," f__Caldilineaceae"
"ASV5864",0.158561860462289,-0.205524624393371,2.90112030325855,1,1,0.98163409417561,0.874014079502028,0.837162261231694,0.0037183109627864," f__Roseiflexaceae"
"ASV5865",0.0715415123450752,-0.205524624393375,0.159687768321398,1,1,1,0.942966787105439,0.83716226123169,0.873127036716231," g__AKIW781"
"ASV6096",-0.169106149043777,-0.205524624393374,0.0451889952476393,1,1,1,0.865713148352378,0.837162261231691,0.963956665811133," g__OLB14"
"ASV6097",-0.905079503992572,-0.205524624393368,0.954000010887594,1,1,1,0.365423269519977,0.837162261231696,0.340083636869361," g__JG30-KF-CM66"
"ASV6105",0.241341286087313,-0.20552462439337,0.668951628457781,1,1,1,0.809290614713846,0.837162261231694,0.503526334727369," g__TK10"
"ASV6151",-0.883259034984823,2.28487477210172,-4.27146140269877,1,1,0.0062919549994742,0.377096331631433,0.0223201716928013,1.9419614195908e-05," g__WPS-2"
"ASV632",-1.28282655519886,-0.85252156851075,-3.57930288004241,1,1,0.101631039488823,0.199552848420586,0.39392467317161,0.000344511998267196," f__Diplorickettsiaceae"
"ASV6320",-0.133819036469176,1.19126482045113,1.61305334683123,1,1,1,0.893545673662888,0.233549639820353,0.106732918333056," g__Abditibacterium"
"ASV6340",-0.905079503992573,-0.205524624393368,1.72527606159309,1,1,1,0.365423269519977,0.837162261231696,0.0844777338784243," g__Fimbriimonas"
"ASV6343",0.943866873378378,-0.205524624393376,-0.990590017932866,1,1,1,0.345237682046026,0.83716226123169,0.321885813869359," f__Fimbriimonadaceae"
"ASV6356",-1.05086106772121,1.09722929123091,-0.105989239702208,1,1,1,0.293322403530137,0.272541171744403,0.915590889569576," g__Fimbriimonadaceae"
"ASV6418",-1.0394807437243,0.733702377990442,-1.20541490305321,1,1,1,0.298581209156828,0.463130148891836,0.228043171087462," g__Armatimonadales"
"ASV6484",-0.905079503992574,0.77206753714358,1.18333639371093,1,1,1,0.365423269519976,0.440074427944615,0.236675854725032," o__Armatimonadales"
"ASV6517",2.32172119219314,-0.205524624393372,2.76759922794924,1,1,1,0.0202479530822667,0.837162261231693,0.00564708516710179," p__Armatimonadota"
"ASV6580",-1.78803252455675,1.80447853725437,-1.23087936197405,1,1,1,0.0737707605838432,0.0711563208293994,0.218367987501197," g__Chthonomonas"
"ASV6620",-0.223556059733864,-0.205524624393364,3.2691072881004,1,1,0.303163551110071,0.823102757530987,0.837162261231698,0.0010788738473668," g__Chthonomonadales"
"ASV6648",-1.29430810302222,-0.188494296447772,-1.91612128715372,1,1,1,0.195559018686947,0.850489186159012,0.0553496593362554," g__GAL15"
"ASV6663",-2.55154582085085,2.04956663479115,-1.71818883822775,1,1,1,0.010724622096458,0.0404067391272718,0.0857621767750934," g__FCPU453"
"ASV6668",-1.33881930175684,0.697298422221044,-1.14026790757225,1,1,1,0.180629505592932,0.485616055267243,0.25417470370092," g__S-BQ2-57_soil_group"
"ASV6728",-1.29117386088788,2.50333488546214,-3.96314507894819,1,1,0.0233741406048779,0.196643396849142,0.0123029071171321,7.39687993825251e-05," f__Methylacidiphilaceae"
"ASV6775",0.347610348260126,-0.205524624393373,3.46083348514854,1,1,0.155089667521161,0.728132833620769,0.837162261231692,0.000538505790004031," g__DEV008"
"ASV6990",0.959171923998789,-0.205524624393371,-1.01747074968034,1,1,1,0.337472141862136,0.837162261231693,0.308929540224095," g__SH3-11"
"ASV6997",0.55020677956166,0.594724014026383,-0.511313714959237,1,1,1,0.582177554082304,0.552027967077406,0.609131402949385," g__Pedosphaera"
"ASV7089",2.17930178567992,-0.205524624393373,2.79749572439705,1,1,1,0.0293092566659882,0.837162261231692,0.00515004488383047," g__Ellin517"
"ASV7117",0.258915669733205,0.941076303686431,-1.00206923515645,1,1,1,0.795700307648544,0.346665757968,0.31631015525647," g__Pedosphaeraceae"
"ASV7187",-0.236861178978765,2.32814790068001,-3.76717717354733,1,1,0.049861357293396,0.812764487726323,0.0199042515325446,0.000165103832097338," f__Pedosphaeraceae"
"ASV7244",2.28415347545321,-1.30776815767636,1.80386047347632,1,1,1,0.0223625127333315,0.190951957566366,0.0712531827566508," g__Lacunisphaera"
"ASV7298",-2.48558744360222,0.333873667329103,-1.7341437991376,1,1,1,0.0129337807612882,0.738474891133493,0.0828925718190762," f__Opitutaceae"
"ASV7314",1.12277202280168,0.63400724048448,1.35435472371008,1,1,1,0.261534330348628,0.526076096882001,0.175623235034517," g__Opitutus"
"ASV7336",-0.647184642093562,0.73813906653722,-1.25548275884278,1,1,1,0.51751244976593,0.460429946062882,0.209303563075128," g__Cerasicoccus"
"ASV735",-0.173701005105785,1.42885034687311,-2.52394268697144,1,1,1,0.862100447573625,0.153047251288426,0.0116046846479061," g__Vampirovibrionales"
"ASV7361",-2.01505774751485,2.14761807510386,-2.61180582437165,1,1,1,0.0438985987122437,0.0317441083233716,0.00900653926731049," f__Chthoniobacteraceae"
"ASV7390",-0.0223243431238543,0.911818395429099,0.116825421696338,1,1,1,0.982189230714568,0.361864325042758,0.906998398089305," f__Verrucomicrobiaceae"
"ASV7423",0.560532078166976,3.8236425277878,-2.02490531327148,1,0.0445766429155564,1,0.575116565743072,0.000131494521874798,0.0428770879250121," g__Chthoniobacter"
"ASV7486",-2.19704025048421,4.18633078792288,-4.51459824836603,1,0.0096673535382095,0.00211879273438448,0.0280175716987276,2.83500103759809e-05,6.34369082151041e-06," o__Chthoniobacterales"
"ASV7543",-0.576450059944291,1.27119545522563,-2.71041334315397,1,1,1,0.564311016147416,0.203659123010967,0.00671994057194095," g__Candidatus_Xiphinematobacter"
"ASV7553",-0.905079503992574,-0.205524624393369,1.48441891006562,1,1,1,0.365423269519976,0.837162261231695,0.137697821106245," g__Roseimicrobium"
"ASV7563",0.900910887352388,-0.205524624393374,-0.152688176202423,1,1,1,0.367635702026261,0.837162261231691,0.878644185449593," g__Prosthecobacter"
"ASV7578",-2.11366808483158,-0.0319330526499959,0.158139541143587,1,1,1,0.0345436262190545,0.974525439870603,0.87434684328412," g__Omnitrophales"
"ASV7605",-1.97642116624642,-0.478332435315806,0.256917174954646,1,1,1,0.0481070962418208,0.632413614140794,0.797242711802485," o__Omnitrophales"
"ASV7650",0.338535608888382,1.0730248994561,-0.0309097107249225,1,1,1,0.734959597462214,0.28325994450955,0.97534154558609," g__BD7-11"
"ASV7660",-0.311149865067263,-0.20552462439337,1.84013858402643,1,1,1,0.755686694370844,0.837162261231694,0.0657478938889257," g__Pla4_lineage"
"ASV7673",0.882381060437583,-0.205524624393371,2.37788526064284,1,1,1,0.37757077422403,0.837162261231693,0.0174122430491169," g__OM190"
"ASV7690",-0.208845730210989,2.21051810491562,-0.501936307419356,1,1,1,0.834568670849444,0.0270692254183509,0.615712324678636," g__vadinHA49"
"ASV7732",4.51498367917982,-0.18584737239836,0.510558938362296,0.00213393934412241,1,1,6.33216422588253e-06,0.852564453812048,0.609659934484295," g__CPla-3_termite_group"
"ASV7896",-1.8045352601865,2.19944695581649,-3.6450566818917,1,1,0.0799325294461633,0.071147436716185,0.0278461569395545,0.000267332874401884," g__WD2101_soil_group"
"ASV8010",0.123485748090344,-0.205524624393371,0.201426291886483,1,1,1,0.901722459290417,0.837162261231693,0.840365258541719," g__Tepidisphaeraceae"
"ASV8105",0.649186523306394,-0.205524624393371,-1.36389124899827,1,1,1,0.516217821474112,0.837162261231693,0.172601795438299," g__Phycisphaera"
"ASV8121",-0.637519692055556,1.58297060543937,-0.517449270303297,1,1,1,0.523786387286054,0.113428164319357,0.604842573120617," f__Phycisphaeraceae"
"ASV8145",0.923213359215737,-0.205524624393372,3.59472593385241,1,1,0.0964457710946732,0.355896028301316,0.837162261231693,0.000324733236009001," g__SM1A02"
"ASV8192",0.608346258941901,2.60301261012436,-2.55351982539073,1,1,1,0.542957846437126,0.00924085547313578,0.0106640207473022," f__Pirellulaceae"
"ASV8476",-0.646518009158463,4.14366713659749,-4.62842777020619,1,0.0116210556944603,0.00123431529838694,0.51794393784788,3.41795755719421e-05,3.68452327876698e-06," f__Gemmataceae"
"ASV87",-1.79212437664626,-0.428969952163707,-0.8166619860889,1,1,1,0.0731130449071089,0.667945091833893,0.414121620964255," g__Group_1.1c"
"ASV8740",-1.61617760601588,0.711381305896562,-0.60556655289999,1,1,1,0.106055919055538,0.476847980149209,0.544802618241282," g__Gemmata"
"ASV8785",1.16178879950031,1.59084020180526,-0.0945987961519313,1,1,1,0.245321264783444,0.111645542953297,0.924633506080576," g__Fimbriiglobus"
"ASV8798",0.79906683363773,-0.205524624393376,-0.356600027747884,1,1,1,0.42425165977405,0.83716226123169,0.721391256703031," g__Zavarzinella"
"ASV8800",-0.905079503992572,-0.20552462439337,1.70771597005391,1,1,1,0.365423269519977,0.837162261231694,0.0876890574151926," g__Telmatocola"
"ASV932",-1.5660187990475,2.33860188879667,-4.43441973385313,1,1,0.00304658002811389,0.11734421619777,0.0193560469686859,9.23206069125422e-06," g__Obscuribacteraceae"
"ASV9331",1.96788062453607,-0.205524624393374,1.39490823150738,1,1,1,0.0490817746399466,0.837162261231691,0.163043514554535," g__Pirellula"
"ASV9357",0.772161197969608,-0.205524624393376,2.04389306548613,1,1,1,0.440018959828456,0.837162261231689,0.0409641123591132," g__Pir4_lineage"
"ASV9417",0.117000157730082,2.55944574443444,-4.27437214535785,1,1,0.00622949135320754,0.906859928489925,0.0104839219275232,1.9167665702177e-05," g__Aquisphaera"
"ASV9454",-1.39665643624703,-0.535178898052071,-0.454476536217329,1,1,1,0.162516910322464,0.592526156652597,0.649485876279585," g__Singulisphaera"
"ASV9455",-0.306807980899734,2.88629046371956,-3.94114055503069,1,1,0.0253016672815671,0.758989533178134,0.00389812216158867,8.10950874409203e-05," f__Isosphaeraceae"
"ASV9474",-2.00139977963262,1.67566228355006,-2.24132705325159,1,1,1,0.0453493244157363,0.0938043614925915,0.0250048978173747," g__Tundrisphaera"
"ASV9520",-1.35552241048064,0.501886117414889,-1.40929912077791,1,1,1,0.175251173451592,0.615747631179498,0.158746738703122," f__Gimesiaceae"
"ASV9524",0.492611832603356,-0.207966656445891,-0.130919336078621,1,1,1,0.622286885719854,0.835255002426445,0.895839118356744," o__Planctomycetales"
"ASV9544",0.828893210890427,-0.205524624393373,1.92759880838064,1,1,1,0.407164837389894,0.837162261231692,0.0539050472158238," g__SH-PL14"
"ASV9588",-1.25688101383739,2.36447733632776,-0.883233953489558,1,1,1,0.208796724513303,0.0180555320462613,0.377109880144389," g__Schlesneria"
"ASV9596",-0.406279108472224,-0.205524624393372,0.321481585143423,1,1,1,0.684537533881705,0.837162261231692,0.747845465171645," g__Planctopirus"
"ASV9657",1.99283242867865,-0.205524624393368,4.07012136145108,1,1,0.014942391729497,0.0462797994796777,0.837162261231696,4.69886532374119e-05," g__Sumerlaea"
"ASV9663",1.14142195195593,-0.205524624393372,1.82025963019478,1,1,1,0.253694373880283,0.837162261231692,0.0687194760462207," g__Hydrogenedensaceae"
"ASV9669",-2.22897758271407,1.10044640024523,-1.39491560370382,1,1,1,0.0258153963790973,0.27113767111421,0.163041291160874," g__FCPU426"
"ASV9687",0.342217870504888,-0.205524624393368,1.4381302860164,1,1,1,0.732186937544635,0.837162261231695,0.150397090858414," g__Turneriella"
"ASV9711",1.80889620903928,-0.950362200862125,2.42461149781307,1,1,1,0.0704671294840144,0.341928243462166,0.0153247766666388," g__Subgroup_10"
"ASV973",-1.28986343773674,2.82817401980879,-3.37673899807458,1,1,0.209782763433172,0.197098077307555,0.00468143512149411,0.000733506165850253," g__Candidatus_Obscuribacter"
"ASV9767",3.09913864077304,-0.205524624393379,0.227002074976527,0.613305994779725,1,1,0.00194084175563204,0.837162261231687,0.820422128687831," g__Subgroup_7"
"ASV9780",-0.860454300189019,-0.315051575309901,1.35182680851917,1,1,1,0.389538664582954,0.752722494833362,0.176430725917584," g__11-24"
"ASV9799",2.63440186869184,-0.205524624393372,0.545145271479103,1,1,1,0.00842856636109814,0.837162261231692,0.585653608506954," g__JGI_0001001-H03"
"ASV9802",0.96598231865725,-0.205524624393366,3.16070886713259,1,1,0.434384588262252,0.334053028661367,0.837162261231697,0.00157385720384874," f__Blastocatellaceae"
"ASV9827",0.492073820844684,-0.205524624393372,0.564207864901118,1,1,1,0.622667158305,0.837162261231692,0.572612675907088," g__RB41"
"ASV983",1.13578262135299,-0.205524624393371,-0.502525411291517,1,1,1,0.256047552051109,0.837162261231693,0.61529798204873," g__Sericytochromatia"
"ASV9913",-0.518288351907022,3.08114224925622,-4.28939746523387,1,0.688800147968018,0.00584056712151704,0.60425709867426,0.00206208109073693,1.79158500660032e-05," g__Bryobacter"
