feature	metadata	value	coef	stderr	N	N.not.0	pval	qval
X.f__Microscillaceae	Treatment	 	0.146664104703437	0.0168544638140164	49	26	2.79214724056514e-11	1.63061398849004e-08
X.f__Comamonadaceae	Treatment	 	0.0825034752361446	0.0102360750389156	49	27	2.41232830863215e-10	7.04399866120587e-08
X.g__BIrii41	Treatment	 	0.0473255794192323	0.00631564484346122	49	19	1.66676512646073e-09	2.50884393925711e-07
X.g__A4b	Treatment	 	0.0580898090183875	0.00776135080668762	49	21	1.71838625976514e-09	2.50884393925711e-07
X.g__Ellin6067	Treatment	 	0.0551154626727476	0.00746328921882907	49	21	2.41923999942863e-09	2.82567231933264e-07
X.g__KD3.93	Treatment	 	0.0244228020602168	0.00358295814314458	49	18	1.71886050751986e-08	1.67302422731933e-06
X.g__Bauldia	Treatment	 	0.0422211706144429	0.00626619814751756	49	18	2.25480845830913e-08	1.8811544852179e-06
X.g__Terrimonas	Treatment	 	0.0551805899548046	0.00824428022353655	49	21	2.63225758088076e-08	1.92154803404295e-06
X.g__Haliangium	Treatment	 	0.0439952819998993	0.00668116684131634	49	29	3.82841193534605e-08	2.48421396693566e-06
X.g__R7C24	Treatment	 	0.0649899283152296	0.0100049295202993	49	20	5.21313018314371e-08	3.04446802695593e-06
X.g__Rhodoferax	Treatment	 	0.0270726494831308	0.00421986958517588	49	18	6.8831181642356e-08	3.65431000719417e-06
X.g__CPla.3_termite_group	Treatment	 	0.0351520036577493	0.00559803921116535	49	24	1.10271677314128e-07	5.36655496262087e-06
X.g__OLB12	Treatment	 	0.0291285760537749	0.00466835050739632	49	18	1.26530466839473e-07	5.68413789494248e-06
X.f__Sandaracinaceae	Treatment	 	0.0497131602148213	0.00811299610357335	49	19	1.86366604730045e-07	7.77414979731045e-06
X.g__Devosia	Treatment	 	0.0419937067384973	0.00689706631040287	49	19	2.13225807885707e-07	8.30159145368352e-06
X.f__Microbacteriaceae	Treatment	 	0.0232434800882877	0.00386123027600783	49	16	2.7053205823891e-07	9.87442012572021e-06
X.g__Lacunisphaera	Treatment	 	0.0430295621125991	0.0072121256611903	49	33	3.2530973356475e-07	1.11753461412832e-05
X.g__Hirschia	Treatment	 	0.0576021151522333	0.00974571587069031	49	21	3.94303014789902e-07	1.25201929724022e-05
X.g__Chthoniobacter	Time_Point	Summer	0.0299331249304738	0.00507248848093988	49	45	4.07335045335002e-07	1.25201929724022e-05
X.g__Subgroup_17	Treatment	 	0.022746109431644	0.00386664355832852	49	15	4.34036032007604e-07	1.2673852134622e-05
X.f__Acidobacteriaceae_.Subgroup_1.	Treatment	 	-0.0656794374328572	0.0112105548100891	49	47	4.71343655694815e-07	1.31078426155129e-05
X.g__Reyranella	Treatment	 	0.0391949791607449	0.00674186182913406	49	40	5.50414253552793e-07	1.4610996548856e-05
X.g__Dongia	Treatment	 	0.0406569564294424	0.00713319215604954	49	18	8.14497393268258e-07	2.06811512029853e-05
X.f__Rhizobiales_Incertae_Sedis	Treatment	 	0.0484928756492738	0.00866154560234809	49	17	1.15193462630619e-06	2.80304092401173e-05
X.g__Caulobacter	Treatment	 	0.0340093222652051	0.00612698469779884	49	25	1.35724307111369e-06	3.17051981412158e-05
X.g__Dactylosporangium	Treatment	 	0.0227871208066877	0.00415187375812435	49	18	1.67976737381589e-06	3.7730159473403e-05
X.g__Sumerlaea	Treatment	 	0.0210735501002916	0.0039022316466956	49	15	2.26815005874744e-06	4.90592457151299e-05
X.g__Pseudolabrys	Treatment	 	0.0297520004145863	0.00552150637222349	49	16	2.36280139331417e-06	4.92812862034098e-05
X.g__IS.44	Treatment	 	0.0486924679979262	0.00908030762103243	49	17	2.58116909473646e-06	5.1979405218141e-05
X.g__Tundrisphaera	Treatment	 	-0.0410208625773504	0.00780587540761717	49	36	3.7165405003343e-06	7.23486550731744e-05
X.g__Vicinamibacteraceae	Treatment	 	0.050870282781377	0.00970219527682564	49	18	3.87026553002981e-06	7.29108086947551e-05
X.f__Devosiaceae	Treatment	 	0.0310981672769445	0.00598349535087553	49	17	4.52041145391557e-06	8.24975090339592e-05
X.g__env.OPS_17	Treatment	 	0.0290871789238918	0.00568538301983614	49	35	5.94713390250672e-06	0.000105246248456483
X.g__Gemmatimonas	Treatment	 	0.0224538069274181	0.00447580543149119	49	21	8.31085610676626e-06	0.000142751175480926
X.g__A0839	Treatment	 	0.0544564673336329	0.0109895186794767	49	18	1.02110929012525e-05	0.000170379378695185
X.g__AAP99	Treatment	 	0.0163681673822793	0.00335848128767108	49	14	1.3413901503883e-05	0.000205338559803855
X.g__MND1	Treatment	 	0.0329957060312607	0.00678731179468928	49	15	1.39754947684206e-05	0.000205338559803855
X.g__Obscuribacteraceae	Treatment	 	-0.0289296545385058	0.00595416504114777	49	45	1.40997115128274e-05	0.000205338559803855
X.g__Afipia	Treatment	 	0.0266070480631171	0.00544194384044601	49	17	1.27346823654229e-05	0.000205338559803855
X.f__Micropepsaceae	Treatment	 	0.0483492774428194	0.00996466959704509	49	49	1.44158920410241e-05	0.000205338559803855
X.g__Flavobacterium	Treatment	 	0.0212050836892928	0.00434588613670318	49	20	1.31627899810584e-05	0.000205338559803855
X.g__Occallatibacter	Treatment	 	-0.0963887359947855	0.0199208304336822	49	48	1.50778297495243e-05	0.000209653632707671
X.o__Vicinamibacterales	Treatment	 	0.050832364211666	0.0105801676886078	49	32	1.68884973514714e-05	0.000229369359378124
X.g__Candidatus_Solibacter	Treatment	 	-0.0369489787968012	0.00770548092208313	49	49	1.74207497397927e-05	0.000231220860182703
X.g__Sphingomonas	Treatment	 	0.0236912221954035	0.00495321364889752	49	14	1.81382200857395e-05	0.000235393789557152
X.g__KF.JG30.B3	Treatment	 	0.0174347837901142	0.00370210755640104	49	25	2.31440892064647e-05	0.00029382930644729
X.f__Reyranellaceae	Treatment	 	0.0262534835132783	0.00559564090633551	49	15	2.453345868126e-05	0.000304841273826719
X.g__Aquicella	Treatment	 	-0.0252608756417529	0.00541912410648527	49	43	2.71162670723342e-05	0.000329914582713399
X.f__Nitrosomonadaceae	Treatment	 	0.0151913110305466	0.00330144007584001	49	13	3.3034564688006e-05	0.000393718077097868
X.g__Opitutus	Treatment	 	0.0185972164793746	0.00406956665350242	49	25	3.66415121081945e-05	0.000427972861423711
X.g__Acidicapsa	Treatment	 	-0.0385424287818451	0.00850769236157529	49	43	4.17009091358679e-05	0.000477516292849939
X.g__Roseiarcus	Treatment	 	-0.0313141699549246	0.00700834354974665	49	48	5.10749652062287e-05	0.000573611147700722
X.g__AKYH767	Treatment	 	0.0387114106464601	0.0087401153721665	49	28	5.79690591109165e-05	0.000638753406052363
X.g__CCD24	Treatment	 	0.0227187366513308	0.00514008802845191	49	14	5.97354419041869e-05	0.00064602774207491
X.g__Paludibaculum	Treatment	 	0.0368648658558305	0.00835217562893937	49	16	6.09302007015509e-05	0.000646967949267377
X.o__Chthoniobacterales	Treatment	 	-0.0205163989758849	0.00467530607365654	49	41	6.61875468983698e-05	0.000678132059449964
X.g__Kapabacteriales	Treatment	 	0.0255541150415846	0.00581852427988095	49	23	6.54193681513336e-05	0.000678132059449964
X.g__Variovorax	Treatment	 	0.0146057703112169	0.00339113481994982	49	12	8.60043585065472e-05	0.000865974920134889
X.o__Chitinophagales	Treatment	 	0.017640552642671	0.00412512452489134	49	32	9.49080061118176e-05	0.000923771259488358
X.g__Ferruginibacter	Treatment	 	0.0526612540464819	0.0123002290082487	49	42	9.34114733127181e-05	0.000923771259488358
X.g__possible_genus_04	Treatment	 	0.0235775492487353	0.00552266815485006	49	13	9.71048949111757e-05	0.000929659977510272
X.g__Subgroup_17	Time_Point	Summer	0.0166590296343509	0.00393274481761961	49	15	0.000108010875077545	0.00101739275879494
X.g__TRA3.20	Treatment	 	0.0239155460683113	0.00570041341858449	49	35	0.000122942473359961	0.00113965721336853
X.g__Massilia	Treatment	 	0.0116396634231224	0.0027817017342676	49	12	0.000127340354413317	0.00116198073402151
X.f__Sphingomonadaceae	Treatment	 	0.0192340657097214	0.00461573619857774	49	13	0.000134544927742841	0.00120883442772029
X.g__NS11.12_marine_group	Treatment	 	0.00954521674205477	0.00229786768804981	49	11	0.000140269242481283	0.00124117026680408
X.g__Caulobacter	Time_Point	Summer	0.0254045287072175	0.00623172706623086	49	25	0.000179128140432955	0.00156135573153501
X.g__SM1A02	Treatment	 	0.0178439395930081	0.00439958939437394	49	13	0.000191269155843442	0.00164266451489074
X.f__Chitinophagaceae	Treatment	 	0.0401849098756241	0.00995724352941719	49	41	0.000203725843772594	0.00172428830091587
X.g__BIrii41	Time_Point	Summer	0.025578649630112	0.00642361240527303	49	19	0.000241097588094499	0.00201144273495982
X.g__Edaphobaculum	Treatment	 	0.021972885984736	0.00553683008738107	49	47	0.000251457965048022	0.00206833030405697
X.g__Escherichia.Shigella	Treatment	 	-0.0134450153487566	0.00340961005085719	49	12	0.000272019515368623	0.0022063805135455
X.g__Hyphomicrobium	Treatment	 	0.020456474365541	0.00521838217460463	49	12	0.000292351820666308	0.00233881456533047
X.f__Microscillaceae	Time_Point	Summer	0.0671031476504294	0.0171425951780731	49	26	0.000297541888864781	0.00234816842023017
X.g__Ellin517	Treatment	 	0.02858882993213	0.0073220475775248	49	14	0.000306842006743518	0.00238927642584286
X.f__Rhizobiaceae	Treatment	 	0.0131320122694531	0.00338364829357542	49	11	0.000329961103706072	0.00253549058637297
X.f__Diplorickettsiaceae	Time_Point	Summer	-0.0219095550817867	0.00569716383052321	49	45	0.000367970981770147	0.0027908448487502
X.g__Acidisoma	Treatment	 	-0.0201410395868436	0.0052816236793192	49	23	0.000406368884604814	0.0030040434001166
X.g__Chryseolinea	Treatment	 	0.0215250209941735	0.00564082604909767	49	12	0.000403241867947459	0.0030040434001166
X.g__DEV008	Treatment	 	0.0155358557081967	0.0040852187637905	49	11	0.000419640387448381	0.00306337482837318
X.g__CL500.29_marine_group	Treatment	 	0.0163670619936995	0.0043159156001832	49	12	0.00043360998137501	0.00310556013277409
X.g__Steroidobacter	Treatment	 	0.0137874897672818	0.00363745576858954	49	13	0.000436054676177184	0.00310556013277409
X.c__Bacteroidia	Treatment	 	0.0232801182752995	0.00619646753191533	49	29	0.000482952620856495	0.0033981244648216
X.g__Acidothermus	Treatment	 	-0.0327351579710863	0.00873545386858651	49	47	0.000497309028775168	0.00345748181910355
X.g__Arenimonas	Treatment	 	0.0190786147881863	0.00511885599308962	49	11	0.000528950718503252	0.00363420258359881
X.g__GOUTA6	Treatment	 	0.0124167493630688	0.00336568149239551	49	11	0.000593400810106047	0.00389377610226889
X.g__Reyranella	Time_Point	Summer	0.0253063581087793	0.00685711567918507	49	40	0.000591066287934391	0.00389377610226889
X.g__Asticcacaulis	Treatment	 	0.0174455192695521	0.00472386332239666	49	13	0.000586544213691864	0.00389377610226889
X.g__KD3.93	Time_Point	Summer	0.0134782586242328	0.00364420972780099	49	18	0.000576889872841457	0.00389377610226889
X.g__Phaselicystis	Treatment	 	0.0112887369287252	0.0030654865153974	49	10	0.000605545090924845	0.00392931481222344
X.g__Rhodoferax	Time_Point	Summer	0.0157446015957619	0.00429200933362088	49	18	0.000632046567430493	0.00405621093823525
X.f__Comamonadaceae	Time_Point	Summer	0.0375980126460969	0.010411063356319	49	27	0.000750298603105314	0.00468826187639307
X.g__Novosphingobium	Treatment	 	0.00907480133069097	0.00251418723791925	49	9	0.000754617493802994	0.00468826187639307
X.g__WD260	Treatment	 	-0.049314836507762	0.0136620264985156	49	49	0.000754185828271642	0.00468826187639307
X.c__Acidimicrobiia	Time_Point	Summer	-0.0362410700467585	0.0100591993406492	49	48	0.000769825029809207	0.00473239807798502
X.g__Rhodoplanes	Treatment	 	0.0245272851100855	0.00681586239195943	49	12	0.00077961351315423	0.00474026054687079
X.f__Rhizobiales_Incertae_Sedis	Time_Point	Summer	0.0316729103949206	0.00880961693684936	49	17	0.000787337796312443	0.00474026054687079
X.g__SC.I.84	Treatment	 	0.00957082686845846	0.00268518989597504	49	9	0.000863621357776528	0.00514647829532135
X.g__A0839	Time_Point	Summer	0.0397412075299206	0.0111773873083685	49	18	0.000886564503308208	0.00522983504981812
X.g__WD2101_soil_group	Treatment	 	-0.0300211322293645	0.0084778750369364	49	49	0.000925326182580619	0.00540390490627081
X.f__Opitutaceae	Treatment	 	-0.0277089710834418	0.00784473477563197	49	43	0.000950228803950849	0.00549439229215145
X.o__Vicinamibacterales	Time_Point	Summer	0.0379469921914026	0.0107610383577496	49	32	0.00096684668623047	0.00553567122312347
X.f__Acetobacteraceae	Treatment	 	-0.0412386544093163	0.0117472216521937	49	49	0.00101327695824928	0.00562143593716098
X.g__Rhodovastum	Treatment	 	0.0167438922908159	0.00476851916083872	49	17	0.00101076862483578	0.00562143593716098
X.g__Cytophaga	Treatment	 	0.00966909564644207	0.00275859233925974	49	10	0.00102965801021798	0.00562143593716098
X.g__JGI_0001001.H03	Treatment	 	0.014226779943168	0.00405533134077148	49	11	0.00102030598680763	0.00562143593716098
X.g__JG36.TzT.191	Treatment	 	-0.0419523860038118	0.0119753431546558	49	47	0.00103531604884382	0.00562143593716098
X.g__R7C24	Time_Point	Summer	0.0356346087406739	0.0101759663460201	49	20	0.00103958061851607	0.00562143593716098
X.f__Methylacidiphilaceae	Treatment	 	-0.023748731976792	0.00680893931375727	49	49	0.00108336324181028	0.00580444158914864
X.g__Sphingopyxis	Treatment	 	0.00901822078387564	0.00260475179590337	49	10	0.00116843037454714	0.00620330307941389
X.f__Rhodospirillaceae	Treatment	 	0.0140049730090152	0.00405106956700679	49	27	0.00118613107214503	0.00624054546065492
X.g__Acetobacteraceae	Time_Point	Summer	0.0126854531026694	0.00368289325101249	49	18	0.00123112773527918	0.00641945176252716
X.g__Heliimonas	Treatment	 	0.0189188808459493	0.00550635163834464	49	22	0.00126255959172229	0.00652508673952051
X.f__Roseiflexaceae	Treatment	 	0.00819294990119244	0.00239445422370184	49	9	0.0013161297398343	0.00674227866722131
X.g__SJA.28	Treatment	 	0.0168403862216278	0.00498840357759084	49	9	0.00150384246339394	0.0076351047992899
X.g__Terrimonas	Time_Point	Summer	0.0282834111236473	0.00838521829980442	49	21	0.00151656191218772	0.0076351047992899
X.g__FCPU426	Treatment	 	-0.0193436022016548	0.00578883937695163	49	39	0.00166142607617361	0.00829293015799477
X.g__FCPU453	Treatment	 	-0.00766043190033619	0.00233760276498573	49	10	0.00200029784525305	0.00989977916633714
X.g__Puia	Treatment	 	-0.0385853929603882	0.0118191198139926	49	48	0.00207248450382738	0.0101708483213041
X.g__Sphingobium	Treatment	 	0.0146293819077508	0.00451143165841429	49	11	0.00220632355677843	0.0106487021252777
X.g__Vicinamibacteraceae	Time_Point	Summer	0.0320029712225411	0.00986805678332651	49	18	0.00220411485753879	0.0106487021252777
X.f__Rhodanobacteraceae	Treatment	 	0.015267028850804	0.00471467864221842	49	17	0.00223507776392344	0.0106990607715679
X.f__Oxalobacteraceae	Treatment	 	-0.0258008284028127	0.00802750543183861	49	39	0.0023938132429093	0.0113657474297482
X.o__Micavibrionales	Treatment	 	0.0110113091313144	0.00344892691926268	49	8	0.00254323034350656	0.0119697868778783
X.g__Bauldia	Time_Point	Summer	0.0203313529702286	0.00637332040543198	49	18	0.00256202630091573	0.0119697868778783
X.g__Abditibacterium	Treatment	 	0.0171357837319023	0.00539812248568547	49	40	0.00267794846441277	0.0124120785969608
X.o__Planctomycetales	Treatment	 	0.0255765734439588	0.00808076840799024	49	45	0.00274889378071039	0.012640582424684
X.g__OM190	Treatment	 	0.018964273491047	0.00601186066808673	49	11	0.00283241225784593	0.0128227035548994
X.g__Puia	Time_Point	Summer	-0.0379307561047252	0.0120211706861849	49	48	0.00282562870930996	0.0128227035548994
X.g__Undibacterium	Treatment	 	-0.00880011878117504	0.00280066583246485	49	8	0.0029321404171117	0.0128625117627472
X.g__Pseudolabrys	Time_Point	Summer	0.0176783414256064	0.00561589793402174	49	16	0.00288514405533437	0.0128625117627472
X.g__Pseudorhodobacter	Treatment	 	0.029419989388996	0.00938593136835896	49	12	0.00299590933786644	0.0128625117627472
X.p__Armatimonadota	Treatment	 	0.0201190403571683	0.00641641162387001	49	11	0.00298683986522908	0.0128625117627472
X.g__Pirellula	Treatment	 	0.0187554274636623	0.00599343741126656	49	10	0.00303942914941629	0.0128625117627472
X.g__Sumerlaea	Time_Point	Summer	0.0124279077193098	0.00396894129344763	49	15	0.00302277075672164	0.0128625117627472
X.f__Spirosomaceae	Treatment	 	0.0136230490126599	0.00433480835318987	49	10	0.00292755090904473	0.0128625117627472
X.g__Acidibacter	Time_Point	Summer	0.033319901399135	0.0106234279373407	49	48	0.00297935581590404	0.0128625117627472
X.g__BIyi10	Treatment	 	0.00726527500178041	0.0023139502462054	49	8	0.00295178420533511	0.0128625117627472
X.g__Pajaroellobacter	Treatment	 	-0.0154240472314537	0.00494351585276079	49	49	0.0031192782416775	0.0131054567851774
X.g__TRA3.20	Time_Point	Summer	0.018051535831484	0.00579786344203872	49	35	0.00317710331200592	0.0132530595300818
X.f__Microbacteriaceae	Time_Point	Summer	0.0121813281371731	0.00392723899385493	49	16	0.00328274204552902	0.0135966053516947
X.f__Steroidobacteraceae	Treatment	 	0.0076461183768837	0.00247688222457868	49	8	0.00342040694795147	0.0140670257577722
X.o__Gaiellales	Time_Point	Summer	0.00988946936737684	0.00321496816682005	49	24	0.00352574892859539	0.0143183208346138
X.g__Subgroup_10	Treatment	 	0.0307547623067991	0.00999966013519221	49	13	0.00353054486332944	0.0143183208346138
X.f__Azospirillaceae	Treatment	 	0.0080785877949529	0.00264501651621468	49	9	0.00374520997850114	0.0150841560513425
X.g__Novosphingobium	Time_Point	Summer	0.00777840114059226	0.00255716791095338	49	9	0.00387636545908021	0.0155054618363208
X.o__Rhizobiales	Treatment	 	0.0236302548980501	0.00779608032871109	49	12	0.00399303956137437	0.015863504107773
X.g__IS.44	Time_Point	Summer	0.0279005706476767	0.00923553779920799	49	17	0.00410488892985863	0.0161976698313341
X.f__Azospirillaceae	Time_Point	Summer	0.00810620455445033	0.00269023374917915	49	9	0.0041938335935322	0.0164375759639115
X.g__Fimbriiglobus	Treatment	 	0.0145115177423607	0.00483203182264908	49	18	0.00431050940636915	0.0167822499554639
X.g__Ellin6067	Time_Point	Summer	0.0226663480445847	0.00759087605438199	49	21	0.00451812304517225	0.0174740652872887
X.f__Reyranellaceae	Time_Point	Summer	0.0168663749694051	0.00569129981693068	49	15	0.0048034807695245	0.0180982759316278
X.g__WPS.2	Treatment	 	-0.0247683026155952	0.00834948646416608	49	49	0.00476558970235535	0.0180982759316278
X.g__vadinHA49	Time_Point	Summer	0.0310316191805386	0.0104519924422381	49	44	0.00473299101710947	0.0180982759316278
X.f__Saprospiraceae	Treatment	 	0.0299702676515651	0.0101050814818313	49	11	0.0047731874888561	0.0180982759316278
X.g__Hydrogenedensaceae	Treatment	 	0.0121006009227196	0.0040917974927744	49	9	0.00488587870150673	0.0181968938292538
X.g__Alkanibacter	Treatment	 	0.0091116013997093	0.00308155034707043	49	8	0.00489197316985077	0.0181968938292538
X.g__Iamia	Treatment	 	0.0117328428285657	0.00398136870299038	49	8	0.00502508451055447	0.0184569141771309
X.f__Solimonadaceae	Treatment	 	0.0110496673316695	0.00374818056664749	49	13	0.0050104999155288	0.0184569141771309
X.g__OM27_clade	Treatment	 	0.0141080549408625	0.0048071572874748	49	10	0.00519308691258642	0.018927416081417
X.g__A4b	Time_Point	Summer	0.0231534639534422	0.00789403308121922	49	21	0.00521800340600708	0.018927416081417
X.g__Devosia	Time_Point	Summer	0.0204954104980389	0.00701497342070524	49	19	0.00538084373401123	0.0193976095102627
X.g__Nannocystis	Treatment	 	0.00810672397784747	0.00278732324662036	49	7	0.0055764781420544	0.0199795290488329
X.f__Sphingomonadaceae	Time_Point	Summer	0.0136428571160015	0.00469464338789554	49	13	0.00561231942235267	0.0199853325771583
X.g__0319.6G20	Treatment	 	-0.0163180006813283	0.00563229045289142	49	44	0.00574717499794395	0.0203415163563592
X.f__Devosiaceae	Time_Point	Summer	0.0175752773704857	0.00608578473227024	49	17	0.00589255342790478	0.0206062946221341
X.g__NS11.12_marine_group	Time_Point	Summer	0.0067513866028093	0.00233715032312416	49	11	0.00587986818669037	0.0206062946221341
X.f__Roseiflexaceae	Time_Point	Summer	0.00702252848673638	0.00243538803027438	49	9	0.00596231647894744	0.0206412673967408
X.g__Candidatus_Koribacter	Time_Point	Summer	-0.0204014897142523	0.00707684027005865	49	40	0.00597324347611165	0.0206412673967408
X.g__Subgroup_2	Time_Point	Summer	-0.0902486695047673	0.0314365357793777	49	49	0.00616886479751852	0.0211918649514754
X.g__Polaromonas	Treatment	 	0.00728383001876861	0.00254202940037609	49	7	0.00625960138014515	0.0213778199181565
X.g__SJA.28	Time_Point	Summer	0.0144346167613953	0.00507368161094374	49	9	0.00660897886219308	0.0224397886948881
X.f__Sandaracinaceae	Time_Point	Summer	0.0234445694564443	0.0082516898442764	49	19	0.00667641121022765	0.0225377118310575
X.g__Lineage_IIa	Treatment	 	0.0106277339919414	0.00376702304417066	49	12	0.00703921047863754	0.023540876738271
X.f__Anaerolineaceae	Treatment	 	0.0288671244003298	0.0102349262876957	49	11	0.00705420107739285	0.023540876738271
X.g__Plot4.2H12	Treatment	 	0.00628432588411858	0.00224920491897587	49	7	0.00756461402838338	0.0251007647305449
X.g__Pseudoflavitalea	Treatment	 	0.00769053240097453	0.00276217935271993	49	7	0.00776228935279302	0.0256111693900064
X.f__Fibrobacteraceae	Treatment	 	0.0114109798608335	0.00411514017320984	49	18	0.00799627889432342	0.0261940898673126
X.g__Sediminibacterium	Treatment	 	0.0115803232202647	0.00417853110086599	49	8	0.00802866795590574	0.0261940898673126
X.g__Mucilaginibacter	Treatment	 	0.0215178864255164	0.0078038503001044	49	39	0.00832967937875477	0.0270251819844044
X.o__Acidobacteriales	Time_Point	Summer	-0.0642683457250637	0.0233550839175094	49	49	0.00845147894913269	0.0272688602557651
X.f__Rhodobacteraceae	Treatment	 	0.0141958654476916	0.00516398329141317	49	8	0.00851306190693095	0.0273166382068554
X.g__SWB02	Treatment	 	0.0179683859661266	0.00655413426855677	49	10	0.00868094778858492	0.0277031339264131
X.g__Obscuribacteraceae	Time_Point	Summer	-0.0165765490289977	0.00605595301340581	49	45	0.00877889526092639	0.0278634501759838
d__Bacteria	Treatment	 	-0.0456530140070066	0.0167157141801312	49	42	0.00891924702569533	0.0281558933135463
X.g__Pedosphaeraceae	Treatment	 	0.0181850693316545	0.00666876169188507	49	45	0.00901820546766185	0.0283152257694329
X.g__Flavobacterium	Time_Point	Summer	0.0120111899436164	0.0044201801702851	49	20	0.00924482301402248	0.028871532835236
X.f__Pirellulaceae	Treatment	 	0.0155151403149625	0.00573180799157409	49	49	0.00950011292681338	0.0295109890918033
X.f__Neisseriaceae	Time_Point	Summer	-0.00691940554640149	0.00257425793376187	49	11	0.0099765755221463	0.0305464180021772
X.g__Pedomicrobium	Treatment	 	0.0162190608001556	0.00603955474309923	49	9	0.0100398192861471	0.0305464180021772
X.f__Sphingobacteriaceae	Treatment	 	0.00669344404612828	0.0024925655258076	49	6	0.0100426579733185	0.0305464180021772
X.o__Acidobacteriales	Treatment	 	-0.061774165509632	0.0229625335412735	49	49	0.00991769892262651	0.0305464180021772
X.g__Emticicia	Treatment	 	0.00859334757543821	0.00320266627950436	49	7	0.0100992135936976	0.0305592784389606
X.g__Bryobacter	Treatment	 	-0.0310260819466968	0.0116825965953579	49	49	0.0108371236922183	0.032623094001317
X.f__Isosphaeraceae	Treatment	 	-0.0129310060114822	0.00487769934623959	49	41	0.010968575707053	0.0326818786373417
X.g__Dyadobacter	Treatment	 	0.00552645953504775	0.00208376874735483	49	6	0.010937715755664	0.0326818786373417
X.f__Caulobacteraceae	Time_Point	Summer	0.0236292231840524	0.00892798233202854	49	47	0.0110927576781526	0.0328841141321883
X.g__Actinospica	Treatment	 	-0.00890433484717948	0.00337813234365006	49	17	0.0114023617706724	0.0334622074074004
X.g__C0119	Treatment	 	0.00479865820896144	0.00182020279363874	49	6	0.0113890810420732	0.0334622074074004
X.g__Dongia	Time_Point	Summer	0.0190183943913369	0.00725513589799715	49	18	0.0118317608959376	0.0343768575284953
X.f__Hyphomicrobiaceae	Treatment	 	0.0057174498852087	0.00217988550249351	49	6	0.0117881390257623	0.0343768575284953
X.f__Holosporaceae	Treatment	 	-0.00656644758833852	0.00251359992781084	49	9	0.012105643012284	0.0346553701920288
X.g__Abditibacterium	Time_Point	Summer	0.0143514317593224	0.00549040476842725	49	40	0.0120582713443993	0.0346553701920288
X.g__Pla4_lineage	Treatment	 	0.00487498834389009	0.00186455039933187	49	6	0.0120382627837976	0.0346553701920288
X.g__Ferruginibacter	Time_Point	Summer	0.0325681261689598	0.0125105045650072	49	42	0.012388563241662	0.0352922972347833
X.f__Pedosphaeraceae	Time_Point	Summer	-0.0251182324586842	0.00965689849337651	49	49	0.0124577013725818	0.0353169786484844
X.g__Aquisphaera	Treatment	 	-0.0169712000525136	0.00656911012495777	49	46	0.0130240098435813	0.0367440664186062
X.g__Hirschia	Time_Point	Summer	0.0254841168144606	0.00991232137285981	49	21	0.0134419345455834	0.03756023815608
X.g__NS9_marine_group	Treatment	 	0.00516223006287186	0.00200659851680238	49	6	0.0133854152537206	0.03756023815608
X.g__Granulicella	Treatment	 	-0.0559822161146348	0.0218603298812999	49	49	0.0137858579191814	0.0383378144038188
X.g__Roseococcus	Treatment	 	0.00581067709731451	0.00227945523214882	49	6	0.0141982622719903	0.0392925940311419
X.g__SM1A02	Time_Point	Summer	0.0113987248453037	0.00447480149886323	49	13	0.0142637498880172	0.0392925940311419
X.g__Rhodovastum	Time_Point	Summer	0.012275751705735	0.00485003821392191	49	17	0.01485499478012	0.0407291875661506
X.g__SH.PL14	Treatment	 	0.00816680555838924	0.00324004254171205	49	7	0.0152478983456554	0.041419477481643
X.f__Xanthomonadaceae	Treatment	 	-0.0140016914422154	0.0055549765024145	49	32	0.015248609004372	0.041419477481643
X.g__Hyphomicrobium	Time_Point	Summer	0.0132749384258512	0.0053075917508172	49	12	0.0160029669724234	0.042860405705114
X.g__SBR1031	Treatment	 	0.00577950614665481	0.00230800550334211	49	6	0.0158848029121812	0.042860405705114
X.g__Prosthecobacter	Treatment	 	0.00515609250845929	0.00206516395599441	49	6	0.0161792574834645	0.042860405705114
X.f__Gimesiaceae	Treatment	 	-0.0148738834988207	0.00595727325187268	49	42	0.0161767963669778	0.042860405705114
X.g__Occallatibacter	Time_Point	Summer	-0.0505662661854187	0.0202613821183479	49	48	0.0162194343507366	0.042860405705114
X.f__Saprospiraceae	Time_Point	Summer	0.0256888008441987	0.0102778304309165	49	11	0.0160698934081632	0.042860405705114
X.g__Iamia	Time_Point	Summer	0.0100567224244848	0.00404943121793385	49	8	0.0167161605759748	0.043801608006981
X.g__SC.I.84	Time_Point	Summer	0.00678201902112435	0.00273109390312805	49	9	0.0167256140163643	0.043801608006981
X.g__Nocardioides	Treatment	 	0.00666022112131302	0.00268547446252208	49	6	0.0168569142330267	0.0439483835361053
X.g__Aquicella	Time_Point	Summer	-0.0136511872058516	0.0055117654172991	49	43	0.0169969006187864	0.0441163998283167
X.g__Rhodoplanes	Time_Point	Summer	0.0170096307740015	0.00693238130053399	49	12	0.0179890577223384	0.046484998716131
X.g__Nannocystis	Time_Point	Summer	0.00694862055244068	0.0028349732494907	49	7	0.018104607560538	0.0465774925786529
X.f__Rhizobiaceae	Time_Point	Summer	0.00841252559577151	0.00344149262544349	49	11	0.018399179738227	0.0471277235400201
X.c__Acidimicrobiia	Treatment	 	-0.0240523142308983	0.00989012512538403	49	48	0.0189689132776891	0.048374870542229
X.o__Polyangiales	Treatment	 	0.0063506056986606	0.00264186972284122	49	6	0.0203106078594709	0.0515712825649174
X.g__Variovorax	Time_Point	Summer	0.00826394318151077	0.00344910713589855	49	12	0.0207007944228302	0.0520013045746451
X.g__WC3.116	Treatment	 	0.00383200311455933	0.00159939139576843	49	5	0.0207034283164526	0.0520013045746451
X.g__Chthonomonas	Treatment	 	-0.0141367784815207	0.00591160253363582	49	45	0.0209323713917144	0.0520013045746451
X.g__Chthonomonadales	Treatment	 	0.0141685006454873	0.00591913259797479	49	9	0.0208155467190693	0.0520013045746451
X.g__Roseimicrobium	Treatment	 	0.00385090634645001	0.00160994577588855	49	5	0.0209027503495944	0.0520013045746451
X.g__Pir4_lineage	Treatment	 	0.0100429504545882	0.00420251987175318	49	7	0.0210142258212607	0.0520013045746451
X.g__Blfdi19	Treatment	 	0.00700415289485188	0.00293609233280482	49	6	0.0212287153256363	0.0520596805144091
X.f__Chthoniobacteraceae	Treatment	 	-0.00740095982449501	0.00310437344740119	49	12	0.0213052459639448	0.0520596805144091
X.g__Tahibacter	Treatment	 	0.0112386870465781	0.0047123546781086	49	6	0.0212591832437958	0.0520596805144091
X.g__Group_1.1c	Treatment	 	-0.0124476607615846	0.005230498295627	49	32	0.0215229547470111	0.0523725232177271
X.g__CCD24	Time_Point	Summer	0.0123640019328104	0.00522795914623723	49	14	0.0223048780869522	0.0540499950322825
X.f__Gemmataceae	Treatment	 	-0.0162454754017512	0.0068968640562118	49	48	0.0228179391835879	0.0550647788562617
X.g__PB19	Treatment	 	0.0044703151806268	0.00191503251910929	49	5	0.0240002108752663	0.0576795191405576
X.f__Magnetospiraceae	Treatment	 	0.00482767800752103	0.00207514657676838	49	5	0.0244555790915471	0.0585330253666538
X.o__Zavarziniales	Treatment	 	0.00433524999973046	0.001866042677844	49	5	0.02464193215946	0.0587383199229576
X.f__Blastocatellaceae	Treatment	 	0.0208122966305026	0.00897345575131983	49	10	0.024871919473383	0.0590455324083564
X.g__Sphingomonas	Time_Point	Summer	0.0116387420047725	0.00503789010143081	49	14	0.0254126550876824	0.0598427039161552
X.g__SWB02	Time_Point	Summer	0.0154014736852514	0.00666617886800823	49	10	0.0254037087977165	0.0598427039161552
X.g__Candidatus_Obscuribacter	Treatment	 	-0.00730865147862117	0.00316848231140058	49	20	0.0256281212558892	0.0601077221423265
X.g__Sporocytophaga	Treatment	 	-0.00744769673341009	0.00323139035713928	49	18	0.0257420585159522	0.0601334486932644
X.g__Ohtaekwangia	Treatment	 	0.0161494965695313	0.00702517016129874	49	7	0.0261089155157529	0.0607474368972099
X.f__Xanthobacteraceae	Treatment	 	0.018932159964966	0.00825631496777528	49	49	0.0264655640450632	0.0613328944536385
X.o__Micavibrionales	Time_Point	Summer	0.00800803722217467	0.00350788720591107	49	8	0.027107692825267	0.0613515064694439
X.g__Phenylobacterium	Time_Point	Summer	0.0152874395227658	0.00668033093208482	49	47	0.0267555284179305	0.0613515064694439
X.g__Silvanigrella	Treatment	 	-0.00580612875992987	0.00254558108645433	49	16	0.0272354238839329	0.0613515064694439
X.g__Ilumatobacter	Treatment	 	0.00380394180891354	0.00166753945796489	49	5	0.0272159322841292	0.0613515064694439
X.g__SH3.11	Treatment	 	0.00382456175630847	0.00167770509055137	49	5	0.0273140268528346	0.0613515064694439
X.f__Gemmatimonadaceae	Treatment	 	0.0161795039774286	0.00708694104601433	49	30	0.0270990122998352	0.0613515064694439
X.g__Heliimonas	Time_Point	Summer	0.0127675276286664	0.00560048412609624	49	22	0.0273089157192651	0.0613515064694439
X.g__Arenimonas	Time_Point	Summer	0.0118843530922668	0.0052063641438071	49	11	0.027120910228051	0.0613515064694439
X.g__Pedosphaera	Treatment	 	0.0128797061204667	0.00566471623157092	49	28	0.0276992029282582	0.0619782931421563
X.f__Sphingobacteriaceae	Time_Point	Summer	0.00573723775382424	0.00253517657015033	49	6	0.0283966754144819	0.0632964062673948
X.g__Flavitalea	Treatment	 	0.0110626006293954	0.00490616149716015	49	6	0.0289468562318887	0.064277429807692
X.g__Zavarzinella	Treatment	 	0.00491336009817702	0.002200617583512	49	5	0.0304757835571506	0.0674161272627876
X.g__MND1	Time_Point	Summer	0.0153720146954941	0.0069033426235108	49	15	0.0309004744132058	0.0680976492728761
X.g__Pla4_lineage	Time_Point	Summer	0.00417856143762008	0.00189642536467283	49	6	0.03261341001564	0.0716023738689239
X.g__Anaeromyxobacter	Time_Point	Summer	-0.00684965756670004	0.00317587543210638	49	20	0.0362837045882357	0.0793621104102234
X.g__Edaphobaculum	Time_Point	Summer	0.0121317700624328	0.00563148361200409	49	47	0.0364906070488709	0.0795168452109723
X.g__CL500.29_marine_group	Time_Point	Summer	0.00943464541276253	0.0043896972797879	49	12	0.0369077220557155	0.0801268017863862
X.g__Dactylosporangium	Time_Point	Summer	0.00900000858873666	0.00422285110053765	49	18	0.0384430034173147	0.0831507925767103
X.g__Inquilinus	Treatment	 	-0.00968792630098284	0.00461161183602162	49	43	0.041171194948735	0.0887014723772041
X.g__possible_genus_04	Time_Point	Summer	0.0117870982097143	0.00561707957761907	49	13	0.0413863561153009	0.0887014723772041
X.g__OM190	Time_Point	Summer	0.0128260051182115	0.00611463496182455	49	11	0.0414649006146862	0.0887014723772041
X.g__Candidatus_Xiphinematobacter	Treatment	 	-0.0137959621741836	0.00661803306053172	49	37	0.0426850512106929	0.0909783573249806
X.g__KD3.10	Treatment	 	-0.00519480443473995	0.00250666464808501	49	13	0.0438598966942579	0.0927880357576981
X.f__Anaerolineaceae	Time_Point	Summer	0.0215445690429994	0.0104098949669035	49	11	0.0441307327371145	0.0927880357576981
X.g__DEV008	Time_Point	Summer	0.00860925527437599	0.00415505662204989	49	11	0.0438991047760853	0.0927880357576981
X.g__Turneriella	Treatment	 	0.00448954890970678	0.00216967459255798	49	5	0.0441696471586303	0.0927880357576981
X.f__Chitinophagaceae	Time_Point	Summer	0.0208490982065306	0.0101274651509434	49	41	0.0452150108055428	0.0946436068474444
X.g__AKYH767	Time_Point	Summer	0.0181944642134239	0.00888952987695199	49	28	0.0464230467847067	0.0968252118652454
X.g__Subgroup_7	Treatment	 	0.0284177172667509	0.01392159722773	49	10	0.0469849052672595	0.0976483440429877
X.f__Steroidobacteraceae	Time_Point	Summer	0.00512358800409125	0.00251922515888089	49	8	0.0477633411367795	0.0989141532761676
X.g__WC3.116	Time_Point	Summer	0.00328457409819371	0.00162673340021358	49	5	0.0493242956164846	0.101785825583134
X.g__Chthonomonadales	Time_Point	Summer	0.0121444291247034	0.0060203216816684	49	9	0.049527819982452	0.101812584399026
X.g__Roseimicrobium	Time_Point	Summer	0.00330077686838573	0.00163746821015778	49	5	0.0496859358796616	0.101812584399026
X.g__Tahibacter	Time_Point	Summer	0.00963316032563839	0.00479291358501335	49	6	0.0503305788953065	0.102772930331675
X.g__Acidipila	Time_Point	Summer	-0.0292790054346602	0.0146553226155219	49	49	0.0516668031387678	0.105133843320698
X.p__Desulfobacterota	Treatment	 	0.00672029542859847	0.0033780746577441	49	5	0.0526237917896946	0.106709355573547
X.f__Nitrosomonadaceae	Time_Point	Summer	0.00666515834860075	0.00335787903722734	49	13	0.0531342065320454	0.107001298671429
X.g__Sphingobium	Time_Point	Summer	0.00911159526528239	0.00458855573497536	49	11	0.0530433005417389	0.107001298671429
X.g__GOUTA6	Time_Point	Summer	0.00675534802656016	0.00342321867720813	49	11	0.0544762228165427	0.109326852662752
X.g__PB19	Time_Point	Summer	0.00383169872625154	0.00194777048918255	49	5	0.0552053782800018	0.110410756560004
X.g__Pseudorhodobacter	Time_Point	Summer	0.0187218168403786	0.00954638626256092	49	12	0.055932495042935	0.111483198310833
X.p__Armatimonadota	Time_Point	Summer	0.0127770764444732	0.00652610181953189	49	11	0.0563304787053291	0.111894556339837
X.g__Candidatus_Captivus	Time_Point	Summer	-0.00308868457106739	0.00158374819842753	49	5	0.0572569905971162	0.112978723524071
X.g__Edaphobacter	Treatment	 	-0.0157077130353266	0.00805869173489164	49	47	0.0573887632156389	0.112978723524071
X.g__Rhodanobacter	Treatment	 	-0.0156268431170701	0.00801947299028474	49	41	0.0574566453538509	0.112978723524071
X.f__Magnetospirillaceae	Treatment	 	-0.00913172303263129	0.00470771269121356	49	22	0.0585577671628607	0.114757503433257
X.g__Ohtaekwangia	Time_Point	Summer	0.0138424256310268	0.0071452672396539	49	7	0.0588649865646029	0.114973753022502
X.g__0319.6G20	Time_Point	Summer	-0.0110694747165376	0.0057285758968464	49	44	0.0594910066677675	0.115809159646587
X.g__Vermiphilaceae	Treatment	 	-0.00673736599179592	0.00350051916723389	49	18	0.0604676290247403	0.117319253655974
X.g__Chryseolinea	Time_Point	Summer	0.0109963993279442	0.00573725741125005	49	12	0.0615051343996388	0.118937081090692
X.g__Phaselicystis	Time_Point	Summer	-0.00592634836575188	0.00311789179039907	49	10	0.0636106877924446	0.121932934446433
X.g__Flavitalea	Time_Point	Summer	0.00948222911091037	0.00499003358114089	49	6	0.0636807277502778	0.121932934446433
X.g__Escherichia.Shigella	Time_Point	Summer	0.00659009461286506	0.00346789820559743	49	12	0.0636699494593937	0.121932934446433
X.f__Opitutaceae	Time_Point	Summer	-0.0151111194569363	0.00797884252041153	49	43	0.0645368600542951	0.123168386508851
X.g__Pandoraea	Treatment	 	-0.00992343092152879	0.0052576770273954	49	38	0.0654229258875289	0.123707093276095
X.f__Verrucomicrobiaceae	Time_Point	Summer	0.00409441839226915	0.00216958806826996	49	5	0.0654546092847834	0.123707093276095
X.g__Gemmatimonas	Time_Point	Summer	0.0085947073121735	0.00455232046860295	49	21	0.0653450768690369	0.123707093276095
X.c__Alphaproteobacteria	Treatment	 	0.00791668274365942	0.00422250390131942	49	46	0.0671665149696362	0.126126188881889
X.g__KD3.10	Time_Point	Summer	0.0047802158457226	0.00254951672052442	49	13	0.0671565227143548	0.126126188881889
X.g__Burkholderia.Caballeronia.Paraburkholderia	Treatment	 	-0.0195100138076338	0.0104571103257588	49	48	0.0684652872147634	0.127221847090921
X.g__Polaromonas	Time_Point	Summer	0.00482173600710448	0.00258548604228918	49	7	0.0685787208994955	0.127221847090921
X.g__Pedomicrobium	Time_Point	Summer	0.011444699863015	0.00614280247412332	49	9	0.0688392186313888	0.127221847090921
X.f__Solirubrobacteraceae	Treatment	 	-0.00794206369301064	0.004260265971282	49	42	0.0686799151744561	0.127221847090921
X.g__Pseudomonas	Treatment	 	0.00422246864263583	0.00226399823406316	49	7	0.068560826328741	0.127221847090921
X.f__Beijerinckiaceae	Time_Point	Summer	-0.00888946891670983	0.00479825642692097	49	27	0.0703553328594143	0.129206020094019
X.g__Telmatocola	Treatment	 	0.00829503306600521	0.00447654273227632	49	5	0.070303541348561	0.129206020094019
X.o__Armatimonadales	Time_Point	Summer	0.00672642476063515	0.00363693141200647	49	6	0.0708199339101278	0.129651540449889
X.g__Subgroup_10	Time_Point	Summer	0.0187595388407538	0.0101706068794287	49	13	0.0715574447216915	0.130592336617087
X.g__Afipia	Time_Point	Summer	0.0101882676835388	0.00553497526044077	49	17	0.0721199772772628	0.131208930622808
X.f__Beijerinckiaceae	Treatment	 	-0.00867058765836797	0.0047176077179582	49	27	0.0725372027770108	0.131558156589361
X.g__Fimbriimonas	Treatment	 	0.00832922857610423	0.00454193965375247	49	5	0.0731505767505617	0.132259866322997
X.g__Steroidobacter	Time_Point	Summer	0.00677093881354452	0.00369963900407332	49	13	0.0737096192561597	0.132859313720979
X.f__Gimesiaceae	Time_Point	Summer	-0.0109905463670326	0.00605911435978699	49	42	0.0762211396548169	0.136963524795117
X.g__RCP2.54	Treatment	 	-0.0297437047117524	0.016438764526031	49	48	0.0769317461268264	0.137405886039747
X.f__Vicinamibacteraceae	Treatment	 	0.00988326612735722	0.00546690669478802	49	5	0.0771731688716386	0.137405886039747
X.g__Roseisolibacter	Time_Point	Summer	-0.00492356396356121	0.00272138523267468	49	7	0.0769556191560871	0.137405886039747
X.g__Subgroup_13	Treatment	 	-0.00991924858680036	0.0055211898721513	49	33	0.0789707931309407	0.140153008308869
X.f__Spirosomaceae	Time_Point	Summer	0.00791480429623449	0.00440891300923302	49	10	0.0791960492156282	0.140153008308869
X.g__Massilia	Time_Point	Summer	0.00505155670077	0.00282925563594836	49	12	0.0807786423653017	0.142521834263856
X.g__Ellin517	Time_Point	Summer	0.0132217899556816	0.00744721985114209	49	14	0.0824481467468938	0.145029270181283
X.o__Rhizobiales	Time_Point	Summer	0.0139743365423896	0.00792935631329269	49	12	0.084653166870577	0.148460809166417
X.g__FCPU453	Time_Point	Summer	0.00415983110894576	0.00237756468134988	49	10	0.0868532802451038	0.151863220548325
X.f__Diplorickettsiaceae	Treatment	 	-0.00977572934305283	0.00560140635805817	49	45	0.087622751818127	0.152729960051188
X.g__Turneriella	Time_Point	Summer	0.00384818477974868	0.00220676573392038	49	5	0.0878720318102728	0.152729960051188
X.g__AD3	Treatment	 	0.0100142715710087	0.00577870508519771	49	23	0.0898025459352378	0.155622216101421
X.g__RCP2.54	Time_Point	Summer	-0.0287232906796836	0.0167197894045771	49	48	0.0925364266319813	0.159885423529814
X.g__Acetobacteraceae	Treatment	 	-0.00619551844828442	0.0036209914768023	49	18	0.0938175798163288	0.160483440554677
X.g__Acidiphilium	Treatment	 	-0.00604624345710855	0.00353094782252809	49	10	0.0935653330193911	0.160483440554677
X.g__WPS.2	Time_Point	Summer	-0.01452496584637	0.00849222306799047	49	49	0.0939323431380175	0.160483440554677
X.g__Acidipila	Treatment	 	-0.0246411051666587	0.0144089971290924	49	49	0.0939817408727734	0.160483440554677
X.g__Haliangium	Time_Point	Summer	0.0115645510210865	0.00679538309504721	49	29	0.0955386841282984	0.161829573206572
X.g__Lineage_IIa	Time_Point	Summer	0.00652862116140942	0.00383142126532603	49	12	0.095134257993711	0.161829573206572
X.g__Nevskia	Treatment	 	-0.00820619803141192	0.00482293936100235	49	31	0.0956013745826493	0.161829573206572
X.g__Armatimonadales	Time_Point	Summer	-0.014282224059654	0.00849678687895493	49	48	0.0995618811822116	0.168046643382692
X.g__Mycobacterium	Time_Point	Summer	-0.00986304932731834	0.00590595282674409	49	48	0.10170777896448	0.171173898891228
X.g__CWT_CU03.E12	Time_Point	Summer	-0.00887057237868847	0.00535264468447836	49	44	0.104278483643514	0.174920637972077
X.g__Candidatus_Endonucleariobacter	Time_Point	Summer	0.0052413495023772	0.00316510511972278	49	7	0.104533052486738	0.174920637972077
X.g__Chthoniobacter	Treatment	 	0.00824939388158024	0.00498723050162033	49	45	0.104915508887067	0.175059020542992
X.g__Undibacterium	Time_Point	Summer	-0.0047075524279868	0.00284854393024831	49	8	0.105219221379179	0.175065599103818
X.g__Opitutus	Time_Point	Summer	0.0068229590200412	0.0041391369349384	49	25	0.106084718315876	0.176004191751339
X.g__37.13	Treatment	 	-0.00918804332572809	0.00558767107593278	49	46	0.106923576728536	0.176893396060807
X.f__Blastocatellaceae	Time_Point	Summer	0.0149912307290048	0.00912685926948936	49	10	0.107297765295578	0.177011002634512
X.g__Asticcacaulis	Time_Point	Summer	0.00785317304034396	0.00480461897251519	49	13	0.1089790648967	0.179278236337106
X.g__Kapabacteriales	Time_Point	Summer	0.00965537084089428	0.00591799343867825	49	23	0.109607437287841	0.179805458921627
X.g__Dinghuibacter	Treatment	 	-0.00773406765459866	0.00474935985581762	49	17	0.110261409014658	0.180371604662633
X.g__Sphingopyxis	Time_Point	Summer	0.00430178756915226	0.00264928069318925	49	10	0.1112616227438	0.181499406934021
X.f__Micavibrionaceae	Treatment	 	0.00515551207946958	0.00318091464395724	49	5	0.111904087145571	0.182038960704773
X.g__Omnitrophales	Treatment	 	-0.0109371562409474	0.00680344126368969	49	17	0.11476781909201	0.186178906527038
X.g__Babeliales	Time_Point	Summer	-0.00428894266595314	0.00269408338702634	49	6	0.118237408484969	0.191276029238842
X.f__Pirellulaceae	Time_Point	Summer	0.00922555947669253	0.00582979471327273	49	49	0.120391107670255	0.194222118451461
X.g__Cerasicoccus	Treatment	 	-0.00266647392481361	0.00170611609245733	49	5	0.124932443194313	0.20093276399597
X.g__Telmatocola	Time_Point	Summer	0.00711002834229018	0.00455307037373333	49	5	0.125238914545433	0.20093276399597
X.g__Fimbriimonas	Time_Point	Summer	0.00713933877951791	0.00461958527228654	49	5	0.129090093700756	0.20654414992121
X.g__Candidatus_Paracaedibacter	Treatment	 	-0.00481096301788751	0.00311989090103796	49	17	0.129918459606009	0.207301585819424
X.c__Alphaproteobacteria	Time_Point	Summer	0.00658869782309011	0.00429468868407178	49	46	0.131842548615159	0.209228392367535
X.g__P3OB.42	Time_Point	Summer	0.00387567168734356	0.00252482859166426	49	9	0.131628139313961	0.209228392367535
X.g__WD260	Time_Point	Summer	0.0212859173731545	0.0138955823312157	49	49	0.132409109380105	0.209558048449813
X.o__Armatimonadales	Treatment	 	0.005460037773002	0.00357580216069785	49	6	0.133623092156229	0.210907799511453
X.f__Vicinamibacteraceae	Time_Point	Summer	0.00847137096630618	0.00556036486115404	49	5	0.134472617428934	0.211676572987865
X.g__Edaphobacter	Time_Point	Summer	-0.0124141512156566	0.00819645712854104	49	47	0.136721649155131	0.214638287920958
X.f__Pedosphaeraceae	Treatment	 	-0.0142155027384944	0.00949458611846763	49	49	0.14116634088125	0.221021831299329
X.g__NS9_marine_group	Time_Point	Summer	0.00300322175919299	0.00204090183099502	49	6	0.147960015662873	0.231039168842562
X.f__Neisseriaceae	Treatment	 	-0.00371675015933478	0.00253099001299585	49	11	0.148774967186929	0.231692215565778
X.g__OM27_clade	Time_Point	Summer	0.00716693001974371	0.00488933686920221	49	10	0.149497748702691	0.232198630963754
X.p__Patescibacteria	Treatment	 	0.00535894448409445	0.00367905859301032	49	14	0.152017206447968	0.234862562342893
X.f__Solimonadaceae	Time_Point	Summer	0.00555385109618405	0.00381225667083664	49	13	0.151953061371797	0.234862562342893
X.g__Fimbriiglobus	Time_Point	Summer	0.00708992733640175	0.00491463664090903	49	18	0.155904045535098	0.24023209127308
X.g__11.24	Treatment	 	0.00710926348832389	0.00494286293914431	49	7	0.157121373683129	0.241470742713019
X.g__Candidatus_Xiphinematobacter	Time_Point	Summer	-0.00953848630206679	0.00673117002615374	49	37	0.163202373584121	0.250157968958338
X.g__67.14	Time_Point	Summer	0.00590750968942899	0.00419080321045232	49	31	0.165372414886559	0.252465249201456
X.g__vadinHA49	Treatment	 	0.0144788841317826	0.0102763161920432	49	44	0.165572243911229	0.252465249201456
X.c__Thermoplasmata	Time_Point	Summer	-0.00986999411772183	0.0070431980427718	49	22	0.167820149394975	0.255071774706606
X.g__11.24	Time_Point	Summer	0.0070394356658441	0.00502736244365047	49	7	0.168155193941855	0.255071774706606
X.g__Rickettsiella	Time_Point	Summer	0.00336633780995959	0.00243144905531181	49	6	0.172885464554375	0.261567645854287
X.f__Solirubrobacteraceae	Time_Point	Summer	-0.00597100227789734	0.00433309630626598	49	42	0.174870284684782	0.263886941229749
X.g__Pirellula	Time_Point	Summer	0.0083872304574262	0.00609589675472316	49	10	0.175520744740751	0.264185863218038
X.o__Gaiellales	Treatment	 	0.00434190646729817	0.0031609312398739	49	24	0.176218548853429	0.264554325270957
X.f__Rhodospirillaceae	Time_Point	Summer	0.00564731501779065	0.00412032363602439	49	27	0.177151115893105	0.265272440209163
X.g__Candidatus_Solibacter	Time_Point	Summer	-0.0106691239811061	0.0078372080866665	49	49	0.180036934540792	0.268904270516171
X.f__Micropepsaceae	Time_Point	Summer	0.0135319532460509	0.0101350181690942	49	49	0.188391445181972	0.279240111640284
X.g__Armatimonadales	Treatment	 	-0.0111646224602767	0.00835397356696209	49	48	0.187977289176856	0.279240111640284
X.g__WD2101_soil_group	Time_Point	Summer	-0.011522857108621	0.00862280647620675	49	49	0.188016605103547	0.279240111640284
X.g__Bdellovibrio	Treatment	 	-0.00575472203028703	0.00435442692726948	49	38	0.192843626598566	0.284728239452973
X.g__Paludibaculum	Time_Point	Summer	0.0112209708292831	0.00849495820472247	49	16	0.193069148670167	0.284728239452973
X.g__AAP99	Time_Point	Summer	0.00449277850543845	0.00341589538314478	49	14	0.194942410770788	0.286766669748464
X.g__Acidisoma	Time_Point	Summer	0.00705518646632768	0.00537191438520872	49	23	0.195579663124476	0.2869812142329
X.f__Hyphomicrobiaceae	Time_Point	Summer	0.0028943432549435	0.00221715120196944	49	6	0.19823712458346	0.290151580843961
X.g__Dyella	Treatment	 	-0.00927528429358499	0.00711824568230613	49	39	0.199049772939424	0.290612668491559
X.g__Dyadobacter	Time_Point	Summer	0.00272650227691673	0.00211939130635044	49	6	0.204721330918273	0.298147773706412
X.g__Roseococcus	Time_Point	Summer	0.00297011733028824	0.00231842310158642	49	6	0.20658177914026	0.300108853278387
X.g__Rickettsiella	Treatment	 	-0.00302564305996801	0.00239058145471434	49	6	0.212010958136456	0.30723176067417
X.p__Desulfobacterota	Time_Point	Summer	0.00433002547698962	0.00343582370688395	49	5	0.21393197647747	0.309248203620897
X.g__UBA12409	Treatment	 	0.00275837984036848	0.00220780643616493	49	7	0.217847714332335	0.314131025111318
X.g__Acidisphaera	Time_Point	Summer	0.00445543763668825	0.00357539846402865	49	16	0.219023155077623	0.314639688213326
X.f__Gemmataceae	Time_Point	Summer	-0.00873645095195112	0.00701476770892711	49	48	0.219278001888396	0.314639688213326
X.o__Cytophagales	Time_Point	Summer	0.00334429124968438	0.00270321155742113	49	8	0.222308162109741	0.318205800666884
X.g__JGI_0001001.H03	Time_Point	Summer	0.00509639140144942	0.00412465826590018	49	11	0.222883709800672	0.318249600302182
X.g__Unknown_Family	Time_Point	Summer	0.0032961623882264	0.00267766841647581	49	5	0.224586560107146	0.319898905128227
X.g__Legionella	Treatment	 	-0.00381753022763972	0.00310552645787711	49	14	0.225221672341416	0.320023008874421
X.o__Zavarziniales	Time_Point	Summer	0.00229438170507178	0.00189794315406729	49	5	0.232886976418406	0.330111636476576
X.g__Gemmata	Time_Point	Summer	0.00708135622304478	0.00588497238009611	49	44	0.235018683441183	0.332326661330874
X.g__Pir4_lineage	Time_Point	Summer	0.00513254597478528	0.00427436302241556	49	7	0.235985586592728	0.332393454306912
X.g__Candidatus_Berkiella	Treatment	 	-0.00405887847207476	0.00338181943964431	49	13	0.23620425263248	0.332393454306912
X.g__env.OPS_17	Time_Point	Summer	0.00692833572156756	0.00578257609478453	49	35	0.236999408868626	0.332710708604032
X.g__Acidocella	Treatment	 	-0.0141145658273668	0.0118188336548346	49	43	0.23850470477178	0.334020977426186
X.g__BIyi10	Time_Point	Summer	0.00279829212741156	0.00235350781671941	49	8	0.240546145906331	0.336074041170568
X.g__Actinospica	Time_Point	Summer	0.00406769304425166	0.00343588237894521	49	17	0.242539938854287	0.336997610599107
X.g__Granulicella	Time_Point	Summer	-0.0263314459251193	0.0222340378044314	49	49	0.24238342878482	0.336997610599107
X.c__Gammaproteobacteria	Treatment	 	-0.00682478369969405	0.00576968102730288	49	41	0.242938345996959	0.336997610599107
X.o__Omnitrophales	Treatment	 	-0.00513171749887802	0.00439010868417788	49	16	0.248454959760243	0.343833404028394
X.f__Phycisphaeraceae	Treatment	 	0.00521301985780947	0.00452714306596232	49	28	0.255475325360746	0.352712978748642
X.g__Acidothermus	Time_Point	Summer	-0.0101441746863924	0.0088847886837776	49	47	0.259468182608408	0.357380704347429
X.g__SM2D12	Time_Point	Summer	0.00637926699042159	0.00559653242361382	49	44	0.260244984403181	0.357607225626959
X.g__C0119	Time_Point	Summer	0.00210267256884274	0.00185131962533261	49	6	0.261935987523576	0.358676964851598
X.f__Acidobacteriaceae_.Subgroup_1.	Time_Point	Summer	-0.0129415861303974	0.0114022021080932	49	47	0.26225182190348	0.358676964851598
X.c__Bacteroidia	Time_Point	Summer	0.00703081052039109	0.00630239772714466	49	29	0.270397296549748	0.368953320525825
X.g__Fimbriimonadaceae	Treatment	 	0.00735806320070044	0.00665799797427298	49	46	0.274843088112665	0.373728012358603
X.g__Hydrogenedensaceae	Time_Point	Summer	0.00459484855708655	0.00416174781608619	49	9	0.275306116064793	0.373728012358603
X.g__CWT_CU03.E12	Treatment	 	-0.00580409629421866	0.00526267786217232	49	44	0.275816392682462	0.373728012358603
X.g__Gemmata	Treatment	 	-0.00635090691652697	0.00578605823660152	49	44	0.278081920393778	0.375925559050848
X.f__Myxococcaceae	Time_Point	Summer	-0.00511708832527698	0.00477456093855808	49	29	0.289427656392575	0.390359702848184
X.g__SH.PL14	Time_Point	Summer	0.00352442177804331	0.00329543189657063	49	7	0.290430316005545	0.390809457482116
X.g__Saccharimonadales	Time_Point	Summer	-0.00389464520792514	0.0036716359757576	49	8	0.294346607762725	0.395168779157313
X.g__SBR1031	Time_Point	Summer	0.0024764052979912	0.0023474614469584	49	6	0.296967230136697	0.397556548976768
X.c__Gammaproteobacteria	Time_Point	Summer	0.00618392377949947	0.00586831519822127	49	41	0.297486664217205	0.397556548976768
X.g__Nocardioides	Time_Point	Summer	0.00287112536835293	0.0027313833344129	49	6	0.298675329724224	0.398233772965631
X.f__Fibrobacteraceae	Time_Point	Summer	0.00436123897255189	0.00418548954560612	49	18	0.302861822435905	0.402895909573049
X.g__Silvanigrella	Time_Point	Summer	-0.00269103649000187	0.00258909844534814	49	16	0.304064287964899	0.403576236753411
X.g__Subgroup_7	Time_Point	Summer	0.0145852340879449	0.0141595904883485	49	10	0.308367428478635	0.408359587826583
X.g__Emticicia	Time_Point	Summer	0.00334893537915887	0.00325741667761343	49	7	0.309280782635317	0.408642482033993
X.g__Vampirovibrionales	Treatment	 	-0.00173327512967487	0.00170778935789441	49	6	0.315451156760572	0.415854346609873
X.g__Bradyrhizobium	Treatment	 	0.00706392778807779	0.00699773046015216	49	49	0.318034777103174	0.418316013126697
X.g__Legionella	Time_Point	Summer	0.00315494686228831	0.00315861622592292	49	14	0.323098511754919	0.424021417673872
X.o__Elsterales	Time_Point	Summer	-0.00825383958493447	0.0084121765619974	49	48	0.331637668767766	0.434252014709362
X.g__Subgroup_5	Treatment	 	-0.00379430151426553	0.00387331804963338	49	28	0.33240785500582	0.434286772535569
X.f__Xanthobacteraceae	Time_Point	Summer	0.00809819742420847	0.00839745878106997	49	49	0.339906645989115	0.442105748903437
X.f__Rhodobacteraceae	Time_Point	Summer	0.00506697183641381	0.00525226290482241	49	8	0.339728784510692	0.442105748903437
X.g__Conexibacter	Treatment	 	-0.00480755765788889	0.00499876060364276	49	36	0.341203761128173	0.44280665888634
X.f__Rhodanobacteraceae	Time_Point	Summer	0.0045558831951478	0.00479527727788324	49	17	0.347038299709205	0.449379971242075
X.g__Terracidiphilus	Treatment	 	-0.00547507968190897	0.00578348031552317	49	8	0.3487507834466	0.450598357373483
X.g__Sporocytophaga	Time_Point	Summer	0.00307451823901064	0.00328663180069254	49	18	0.354435576292359	0.45693239857558
X.g__BD7.11	Time_Point	Summer	0.0052023314413769	0.00562484638686826	49	26	0.35985287259632	0.462894444044606
X.g__Methylovirgula	Time_Point	Summer	-0.00424773685763328	0.00460963549558745	49	24	0.361602099206802	0.464122254806093
X.g__Rickettsia	Treatment	 	0.00154469202495228	0.00171735962135928	49	6	0.373093577680428	0.476776037998621
X.g__Phenylobacterium	Treatment	 	0.00591734806059673	0.00656804846587607	49	47	0.372318702180858	0.476776037998621
X.o__Rhodospirillales	Time_Point	Summer	0.00538506162336612	0.00601766807235985	49	45	0.375512552130932	0.47881949878704
X.g__Group_1.1c	Time_Point	Summer	-0.00472482249469366	0.00531991500002328	49	32	0.379086750204974	0.482323882613735
X.o__Rhodospirillales	Treatment	 	0.00523944440096632	0.00591652359031854	49	45	0.380459963652315	0.482677581659048
X.g__Schlesneria	Time_Point	Summer	0.00411856376369715	0.00465629041210734	49	35	0.381017748535653	0.482677581659048
X.g__BD7.11	Treatment	 	0.00480155079455939	0.00553030442019268	49	26	0.38977816791744	0.492706601869664
X.g__Fimbriimonadaceae	Time_Point	Summer	0.00581862744339413	0.00677181815030369	49	46	0.394662998888155	0.497803869007954
X.g__Plot4.2H12	Time_Point	Summer	0.00194587425716836	0.00228765565158291	49	7	0.399398968970743	0.502691805773521
X.g__Acidibacter	Treatment	 	0.00883432675340498	0.0104448702131018	49	48	0.402039735369887	0.504927323561321
X.g__Mucilaginibacter	Time_Point	Summer	0.00666749569722559	0.00793725911433166	49	39	0.405239379736429	0.507853643274838
X.g__CPla.3_termite_group	Time_Point	Summer	0.00470052906257493	0.00569373912139418	49	24	0.413314307535655	0.516864144755509
X.o__Cytophagales	Treatment	 	-0.00215762244429114	0.0026577761944972	49	8	0.421078986486954	0.525448991684575
X.f__Magnetospiraceae	Time_Point	Summer	0.0016806574693283	0.00211062173755545	49	5	0.429956606605831	0.535383066647772
X.g__Inquilinus	Time_Point	Summer	-0.0036895820841385	0.00469044851830802	49	43	0.435540560211339	0.540033306079452
X.g__Sediminibacterium	Time_Point	Summer	0.00334480882597758	0.00424996415736257	49	8	0.435306145987412	0.540033306079452
X.g__OLB12	Time_Point	Summer	0.00367482824526517	0.0047481571517627	49	18	0.442920992226084	0.548020888686511
X.g__Pajaroellobacter	Time_Point	Summer	-0.00385817025574262	0.005028026518992	49	49	0.446804416075417	0.55165703802969
X.f__Polyangiaceae	Treatment	 	-0.00179094015156509	0.00234095205249954	49	12	0.448150495966583	0.552151665916634
X.g__IMCC26256	Treatment	 	-0.00349188458194706	0.00459137653954583	49	37	0.45081806763103	0.554268950518992
X.g__Prosthecobacter	Time_Point	Summer	0.00157065671016575	0.00210046846132948	49	6	0.458407803931284	0.562367684307966
X.g__Candidatus_Endonucleariobacter	Treatment	 	-0.00232216759570442	0.00311190628687072	49	7	0.459331139409075	0.562367684307966
X.g__Lacunisphaera	Time_Point	Summer	0.00542280644669069	0.00733541879157037	49	33	0.463502976242773	0.566288155074852
X.g__Candidatus_Paracaedibacter	Time_Point	Summer	-0.00232106020210949	0.00317322623290873	49	17	0.468213560977263	0.57084910148376
X.g__Bdellovibrio	Time_Point	Summer	0.00315563822407067	0.00442886696784772	49	38	0.479744074826558	0.582475134508753
X.f__Methylacidiphilaceae	Time_Point	Summer	-0.00493985347428286	0.0069253398705416	49	49	0.479262704268086	0.582475134508753
X.g__Anaeromyxobacter	Treatment	 	-0.00216834126189683	0.0031224955727081	49	20	0.490907839220586	0.594792900632411
X.f__Verrucomicrobiaceae	Treatment	 	0.00144848518640317	0.0021331218061283	49	5	0.500512015330496	0.604566612375598
X.g__Candidatus_Ovatusbacter	Time_Point	Summer	0.00194913032608843	0.00287399234532322	49	15	0.501044932174297	0.604566612375598
X.g__KF.JG30.B3	Time_Point	Summer	0.00254096334505017	0.00376539603071155	49	25	0.503168147794852	0.605876697550915
X.f__Oxalobacteraceae	Time_Point	Summer	0.00546331763596195	0.00816473768767137	49	39	0.506753516650408	0.608938382147815
X.f__Myxococcaceae	Treatment	 	-0.0031203482477599	0.00469431050146215	49	29	0.509555710643955	0.611048326521704
X.g__Omnitrophales	Time_Point	Summer	-0.00456027221607463	0.00691974782990373	49	17	0.513166700524062	0.614117526856664
X.g__AD3	Time_Point	Summer	-0.00383207589486812	0.00587749352469083	49	23	0.517651345485475	0.618217557798604
X.g__37.13	Time_Point	Summer	0.00365813709345852	0.00568319374024147	49	46	0.522981743311689	0.623308853253116
X.g__Subgroup_2	Treatment	 	-0.0193385874297676	0.0309081530087854	49	49	0.534617561376487	0.635879136138225
X.g__Pseudoflavitalea	Time_Point	Summer	0.00174433908947433	0.00280939951430151	49	7	0.537733960174481	0.638285838906294
X.f__Phycisphaeraceae	Time_Point	Summer	0.00284779025251276	0.0046045357330486	49	28	0.539312865297575	0.638861487492462
X.g__Rhodopila	Treatment	 	-0.00192622709538008	0.00313354747804281	49	6	0.541774301874096	0.640156396887259
X.g__67.14	Treatment	 	0.00252765129984083	0.00412036452640373	49	31	0.542598315854783	0.640156396887259
X.g__Lineage_IV	Time_Point	Summer	0.00252153292987472	0.004153286789864	49	25	0.546758221656343	0.642148561778177
X.g__Pedosphaeraceae	Time_Point	Summer	-0.00411662088835303	0.00678276587641776	49	45	0.546885740845333	0.642148561778177
X.g__Unknown_Family	Treatment	 	-0.00159502552653068	0.00263266238061504	49	5	0.54758558863961	0.642148561778177
X.f__Xanthomonadaceae	Time_Point	Summer	0.00340196705592095	0.00564994024463768	49	32	0.550047926675468	0.643743465287522
X.g__Subgroup_13	Time_Point	Summer	0.00335900572191274	0.00561557602329997	49	33	0.552667935865864	0.644227693703921
X.g__Candidatus_Ovatusbacter	Treatment	 	0.00169467136591051	0.00282568651262141	49	15	0.551623848830632	0.644227693703921
X.g__Acidocella	Time_Point	Summer	-0.00691153428604376	0.0120208796350631	49	43	0.56811951666239	0.660455106505047
X.f__Chthoniobacteraceae	Time_Point	Summer	0.00181196395075192	0.0031574435044384	49	12	0.56885088796582	0.660455106505047
X.c__Thermoplasmata	Treatment	 	-0.00389296968404061	0.00692481653528677	49	22	0.576725072505505	0.668268734807966
X.f__Rickettsiaceae	Time_Point	Summer	0.00105033428356907	0.00188716274600329	49	6	0.58052040942407	0.671334493274568
X.g__Acidiphilium	Time_Point	Summer	0.00199210893863281	0.0035913102774685	49	10	0.58178538798826	0.671467720524
X.o__Burkholderiales	Treatment	 	0.00387795110291706	0.00707601374134292	49	31	0.586313065262132	0.675358639276302
X.o__Chitinophagales	Time_Point	Summer	-0.00219867256295982	0.00419564458232993	49	32	0.602768873781217	0.692946894268171
X.g__Vampirovibrionales	Time_Point	Summer	0.000894834020435384	0.00173698445319033	49	6	0.608904479459927	0.697948371321654
X.g__Schlesneria	Treatment	 	0.00235444477918836	0.00457802785652876	49	35	0.609509707832266	0.697948371321654
X.f__Elsteraceae	Time_Point	Summer	0.00228284238698793	0.0045776294369029	49	22	0.620370463043234	0.708994814906553
X.g__Blfdi19	Time_Point	Summer	0.00147889116227832	0.00298628558120376	49	6	0.622796909582689	0.710377724992755
X.g__Candidatus_Koribacter	Treatment	 	0.00341615350612104	0.00695789330671718	49	40	0.625778215194415	0.712386896049782
X.g__Rhodopila	Time_Point	Summer	-0.00155876469943738	0.0031871162725858	49	6	0.627106836030765	0.712510490743126
X.g__S.BQ2.57_soil_group	Treatment	 	-0.0018582170556476	0.00386525340729063	49	15	0.632973551305268	0.717779716431605
X.g__Aliidongia	Treatment	 	-0.00199069786322938	0.00424484793917983	49	23	0.641307607608945	0.720237774699276
X.g__Ilumatobacter	Time_Point	Summer	0.000798104328125599	0.00169604647094043	49	5	0.640173341476416	0.720237774699276
X.g__IMCC26256	Time_Point	Summer	-0.00220693343970724	0.00466986729427026	49	37	0.638740201290093	0.720237774699276
X.g__Bryobacter	Time_Point	Summer	-0.00558035067043707	0.0118823135682554	49	49	0.640834485138619	0.720237774699276
X.g__Dyella	Time_Point	Summer	0.00340005147458441	0.0072399339104673	49	39	0.640841840939407	0.720237774699276
X.g__Zavarzinella	Time_Point	Summer	0.0010387335112976	0.00223823770320856	49	5	0.644775400902097	0.722742483928646
X.o__Burkholderiales	Time_Point	Summer	0.00330062309366938	0.00719698000368597	49	31	0.648672186019287	0.724329936205093
X.g__Saccharimonadales	Treatment	 	0.00165785576694867	0.00360992341292649	49	8	0.648217906962949	0.724329936205093
X.g__Tundrisphaera	Time_Point	Summer	-0.00357487405048736	0.00793931884157463	49	36	0.654627459391602	0.729584802070029
X.g__Dinghuibacter	Time_Point	Summer	-0.00214184143188596	0.00483055137568758	49	17	0.659558687073041	0.7322856905906
X.g__Pseudomonas	Time_Point	Summer	0.00102492388301155	0.0023027018621703	49	7	0.658337749234258	0.7322856905906
X.g__Terracidiphilus	Time_Point	Summer	0.00259748228379681	0.00588235038879845	49	8	0.660867663664285	0.732346708880346
X.f__Caulobacteraceae	Treatment	 	-0.00385833930098886	0.00877792152146395	49	47	0.662320884623694	0.73256703905348
X.g__Pandoraea	Time_Point	Summer	-0.00233884023935033	0.00534755835915356	49	38	0.663892533104808	0.732917276622322
X.g__Conexibacter	Time_Point	Summer	-0.0021958773218401	0.00508421569300153	49	36	0.667831223662235	0.735874404941028
X.g__Candidatus_Berkiella	Time_Point	Summer	-0.00146640102657681	0.00343963250678728	49	13	0.671859584832241	0.738919016086684
X.g__Candidatus_Obscuribacter	Time_Point	Summer	-0.00135166686256324	0.00322264832584326	49	20	0.676856202815548	0.743015079782481
X.f__Gemmatimonadaceae	Time_Point	Summer	-0.00300789660460892	0.00720809411342191	49	30	0.678404386536234	0.743317376617562
X.g__Aquisphaera	Time_Point	Summer	-0.00277385549221147	0.00668141074049971	49	46	0.679954772334922	0.743620949519839
X.g__FCPU426	Time_Point	Summer	-0.00242923448522594	0.0058878010647509	49	39	0.681825403299885	0.744272963602117
X.f__Elsteraceae	Treatment	 	-0.00183163680404436	0.004500689008683	49	22	0.685918956406757	0.747344534592437
X.g__Rhodanobacter	Time_Point	Summer	-0.00329786452167046	0.00815656792947739	49	41	0.68785114794386	0.748054134821628
X.g__Subgroup_12	Treatment	 	-0.00263028030175767	0.00658241435457182	49	24	0.691306413293099	0.750414396585818
X.g__Babeliales	Treatment	 	0.00101760311568587	0.00264880144965786	49	6	0.702619022730738	0.761279237986551
X.g__Alkanibacter	Time_Point	Summer	0.00118699530296816	0.00313423023737775	49	8	0.706638290730264	0.764216225530508
X.g__Methylovirgula	Treatment	 	-0.00162333471593569	0.00453215711210167	49	24	0.721846025858931	0.779220109245131
X.g__Lineage_IV	Treatment	 	-0.00144548623922895	0.00408347867880195	49	25	0.72496830400208	0.780722678638676
X.g__Coxiella	Treatment	 	0.000962040113466677	0.00272751222581648	49	14	0.725911668665756	0.780722678638676
X.o__Elsterales	Treatment	 	-0.00288029283038073	0.00827078537342199	49	48	0.729241948068577	0.782862679544208
X.g__Aliidongia	Time_Point	Summer	0.00149291327014755	0.00431741469896678	49	23	0.731077999569178	0.783393672932844
X.g__Acidisphaera	Treatment	 	-0.00119722130649155	0.00351530345357161	49	16	0.734974770561455	0.785069924541913
X.g__Subgroup_5	Time_Point	Summer	-0.00133982741888686	0.0039395334110582	49	28	0.735330905350045	0.785069924541913
X.o__Omnitrophales	Time_Point	Summer	-0.00150738285863655	0.0044651587135047	49	16	0.73720959575842	0.785639423217003
X.f__Polyangiaceae	Time_Point	Summer	-0.000794300150988717	0.00238097122578925	49	12	0.740194819385071	0.78738392444605
X.g__Pedosphaera	Time_Point	Summer	-0.00182919253060489	0.00576155600249498	49	28	0.752314261868477	0.798820961693074
d__Bacteria	Time_Point	Summer	0.00522021506078134	0.0170014735837558	49	42	0.760194956936274	0.804853915861303
X.o__Polyangiales	Time_Point	Summer	-0.000823059624935453	0.00268703316056919	49	6	0.760752331430547	0.804853915861303
X.g__SM2D12	Treatment	 	0.00166414819475271	0.00550246635576043	49	44	0.763682473704874	0.80649288362323
X.g__Bradyrhizobium	Time_Point	Summer	-0.00205868601169074	0.00711735844980726	49	49	0.773690802483606	0.815587416336509
X.g__SH3.11	Time_Point	Summer	0.000426421177472442	0.00170638588761259	49	5	0.803779454044317	0.845778740832219
X.g__Vermiphilaceae	Time_Point	Summer	-0.000869872369208341	0.00356036143653962	49	18	0.808068452551848	0.847527814157461
X.g__Roseisolibacter	Treatment	 	0.000652758753048561	0.00267564440807552	49	7	0.80834416521525	0.847527814157461
X.g__Candidatus_Captivus	Treatment	 	0.000373950681593694	0.00155712868580443	49	5	0.811277902669196	0.849079382005037
X.g__Nevskia	Time_Point	Summer	0.00116559559180683	0.00490538874130795	49	31	0.813234636765094	0.849604701021136
X.g__Acidicapsa	Time_Point	Summer	-0.00202868063778237	0.00865313353562662	49	43	0.815680227084787	0.850637951102706
X.g__Chitinimonas	Treatment	 	0.000541263297158882	0.00233539511901862	49	7	0.81774833840085	0.851274562613362
X.g__Chitinimonas	Time_Point	Summer	0.000519619496491878	0.00237531929511106	49	7	0.827806463141143	0.860211698353073
X.f__Rickettsiaceae	Treatment	 	0.000398161791718694	0.0018554434660136	49	6	0.831034568486281	0.862032305499091
X.f__Micavibrionaceae	Time_Point	Summer	-0.000659823567899361	0.00323529319230058	49	5	0.839295678755741	0.86445974672549
X.g__Cytophaga	Time_Point	Summer	-0.000580811459388156	0.00280575117992998	49	10	0.836917664679761	0.86445974672549
X.g__Chthonomonas	Time_Point	Summer	-0.00124105874314919	0.00601266288895614	49	45	0.837383499717317	0.86445974672549
X.g__Subgroup_12	Time_Point	Summer	-0.00137388444259379	0.00669494240931732	49	24	0.83831168239775	0.86445974672549
X.f__Holosporaceae	Time_Point	Summer	0.000516292449244385	0.00255657056062865	49	9	0.84084841027021	0.864534280982047
X.g__Coxiella	Time_Point	Summer	-0.00051260417516161	0.00277413974400857	49	14	0.854214252408265	0.876733081557868
X.f__Acetobacteraceae	Time_Point	Summer	-0.0020839098273538	0.011948043406945	49	49	0.862305238888661	0.881937407199612
X.g__S.BQ2.57_soil_group	Time_Point	Summer	-0.000692886676250833	0.00393133090159464	49	15	0.860873270363117	0.881937407199612
X.p__Patescibacteria	Time_Point	Summer	0.000617362435552194	0.00374195303940424	49	14	0.869679468401711	0.887924492214335
X.f__Isosphaeraceae	Time_Point	Summer	0.000757403611410336	0.00496108486248023	49	41	0.879327055144121	0.896207679239384
X.g__Rickettsia	Time_Point	Summer	0.000261467982068885	0.00174671832275367	49	6	0.88166282449754	0.897022804018404
X.f__Magnetospirillaceae	Time_Point	Summer	-0.000605488011905884	0.00478819224216663	49	22	0.89992335828301	0.914009115195266
X.g__UBA12409	Time_Point	Summer	-0.000219681481324754	0.00224554945113385	49	7	0.922492545385167	0.93530494184885
X.o__Planctomycetales	Time_Point	Summer	-0.000767668629213583	0.00821891120800534	49	45	0.925989271444731	0.937223110093107
X.g__Mycobacterium	Treatment	 	-0.000506598860231277	0.00580668604558592	49	48	0.930856204375247	0.940519071548692
X.g__P3OB.42	Treatment	 	-0.000205130235097679	0.0024823914753135	49	9	0.934501008299833	0.942570965193613
X.o__Chthoniobacterales	Time_Point	Summer	0.000292708968173508	0.00475523162520481	49	41	0.951183778440525	0.957743666567701
X.g__JG36.TzT.191	Time_Point	Summer	0.000549429608808141	0.0121800647047611	49	47	0.964215747318733	0.969194486117281
X.g__Burkholderia.Caballeronia.Paraburkholderia	Time_Point	Summer	-0.000196980497712274	0.0106358772978501	49	48	0.985303818847132	0.988689742623239
X.g__Roseiarcus	Time_Point	Summer	-7.66594863369948e-05	0.00712815297287928	49	48	0.991465849620086	0.993166477149451
X.g__Cerasicoccus	Time_Point	Summer	-4.26530618199634e-06	0.0017352825828532	49	5	0.998049439124949	0.998049439124949
